tanggal,medan,pekanbaru,batam,palembang,bandung,jakarta,yogyakarta,surabaya,balikpapan,makassar
2020-01-01,,,,,,,,,,
2020-01-02,39550,45400,93550,65600,79200,72900,97450,75800,77600.0,43550
2020-01-03,39550,45400,93550,65600,79200,72900,97450,75800,77600.0,43550
2020-01-04,,,,,,,,,,
2020-01-05,,,,,,,,,,
2020-01-06,39550,45400,93550,65600,79200,72900,97450,75800,77600.0,43550
2020-01-07,39550,45400,93550,65600,79200,72900,97450,75800,77600.0,43550
2020-01-08,40500,78200,111450,65600,77900,72500,86350,87000,77600.0,45500
2020-01-09,40500,78200,111450,65600,77900,72500,86350,87000,77600.0,45500
2020-01-10,40500,78200,111450,65600,77900,72500,86350,87000,77600.0,45500
2020-01-11,,,,,,,,,,
2020-01-12,,,,,,,,,,
2020-01-13,40500,78200,111450,65600,77900,72500,86350,87000,77600.0,45500
2020-01-14,40500,78200,111450,65600,77900,72500,86350,87000,77600.0,45500
2020-01-15,44300,78200,111450,75300,86600,75400,85450,87500,77600.0,47250
2020-01-16,44300,78200,111450,75300,86600,75400,85450,87500,77600.0,47250
2020-01-17,44300,78200,111450,75300,86600,75400,85450,87500,77600.0,47250
2020-01-18,,,,,,,,,,
2020-01-19,,,,,,,,,,
2020-01-20,44300,78200,111450,75300,86600,75400,85450,87500,77600.0,47250
2020-01-21,44300,78200,111450,75300,86600,75400,85450,87500,77600.0,47250
2020-01-22,44300,56000,111450,73150,93500,75400,89650,88700,77600.0,47300
2020-01-23,44300,56000,111450,73150,93500,75400,89650,88700,77600.0,47300
2020-01-24,44300,56000,111450,73150,93500,75400,89650,88700,77600.0,47300
2020-01-25,,,,,,,,,,
2020-01-26,,,,,,,,,,
2020-01-27,44300,56000,111450,73150,93500,75400,89650,88700,77600.0,47300
2020-01-28,44300,56000,111450,73150,93500,75400,89650,88700,77600.0,47300
2020-01-29,44300,56000,111450,73150,93500,75400,89650,88700,77600.0,47300
2020-01-30,44300,56000,111450,73150,93500,75400,89650,88700,77600.0,47300
2020-01-31,44300,56000,111450,73150,93500,75400,89650,88700,77600.0,47300
2020-02-01,,,,,,,,,,
2020-02-02,,,,,,,,,,
2020-02-03,44300,56000,111450,73150,93500,75400,89650,88700,77600.0,47300
2020-02-04,44300,56000,111450,73150,93500,75400,89650,88700,77600.0,47300
2020-02-05,45500,56000,98950,77200,90800,109550,89650,91750,82900.0,42800
2020-02-06,45500,56000,98950,77200,90800,109550,89650,91750,82900.0,42800
2020-02-07,45500,56000,98950,77200,90800,109550,89650,91750,82900.0,42800
2020-02-08,,,,,,,,,,
2020-02-09,,,,,,,,,,
2020-02-10,45500,56000,98950,77200,90800,109550,89650,91750,82900.0,42800
2020-02-11,45500,56000,98950,77200,90800,109550,89650,91750,82900.0,42800
2020-02-12,45500,50500,96700,72400,94750,116950,89650,103650,82900.0,53850
2020-02-13,45500,50500,96700,72400,94750,116950,89650,103650,82900.0,53850
2020-02-14,45500,50500,96700,72400,94750,116950,89650,103650,82900.0,53850
2020-02-15,,,,,,,,,,
2020-02-16,,,,,,,,,,
2020-02-17,45500,50500,96700,72400,94750,116950,89650,103650,82900.0,53850
2020-02-18,45500,50500,96700,72400,94750,116950,89650,103650,82900.0,53850
2020-02-19,45500,89200,95200,72400,94100,116950,92600,94650,82900.0,55100
2020-02-20,45500,89200,95200,72400,94100,116950,92600,94650,82900.0,55100
2020-02-21,45500,89200,95200,72400,94100,116950,92600,94650,82900.0,55100
2020-02-22,,,,,,,,,,
2020-02-23,,,,,,,,,,
2020-02-24,45500,89200,95200,72400,94100,116950,92600,94650,82900.0,55100
2020-02-25,45500,89200,95200,72400,94100,116950,92600,94650,82900.0,55100
2020-02-26,45500,89200,95450,72400,87350,116950,98800,94650,82900.0,55100
2020-02-27,45500,89200,95450,72400,87350,116950,98800,94650,82900.0,55100
2020-02-28,45500,89200,95450,72400,87350,116950,98800,94650,82900.0,55100
2020-02-29,,,,,,,,,,
2020-03-01,,,,,,,,,,
2020-03-02,45500,89200,95450,72400,87350,116950,98800,94650,82900.0,55100
2020-03-03,45500,89200,95450,72400,87350,116950,98800,94650,82900.0,55100
2020-03-04,45500,85750,96050,78600,87350,116950,98800,94150,82900.0,55100
2020-03-05,45500,85750,96050,78600,87350,116950,98800,94150,82900.0,55100
2020-03-06,45500,85750,96050,78600,87350,116950,98800,94150,82900.0,55100
2020-03-07,,,,,,,,,,
2020-03-08,,,,,,,,,,
2020-03-09,45500,85750,96050,78600,87350,116950,98800,94150,82900.0,55100
2020-03-10,45500,85750,96050,78600,87350,116950,98800,94150,82900.0,55100
2020-03-11,41200,90200,90200,78600,87200,123100,102700,94100,82900.0,54600
2020-03-12,41200,90200,90200,78600,87200,123100,102700,94100,82900.0,54600
2020-03-13,41200,90200,90200,78600,87200,123100,102700,94100,82900.0,54600
2020-03-14,,,,,,,,,,
2020-03-15,,,,,,,,,,
2020-03-16,41200,90200,90200,78600,87200,123100,102700,94100,82900.0,54600
2020-03-17,41200,90200,90200,78600,87200,123100,102700,94100,82900.0,54600
2020-03-18,39950,90200,89650,78600,88050,123100,107700,92900,82900.0,48600
2020-03-19,39950,90200,89650,78600,88050,123100,107700,92900,82900.0,48600
2020-03-20,39950,90200,89650,78600,88050,123100,107700,92900,82900.0,48600
2020-03-21,,,,,,,,,,
2020-03-22,,,,,,,,,,
2020-03-23,39950,90200,89650,78600,88050,123100,107700,92900,82900.0,48600
2020-03-24,39950,90200,89650,78600,88050,123100,107700,92900,82900.0,48600
2020-03-25,,,,,,,,,,
2020-03-26,34550,95700,82800,78600,77800,123100,107700,91900,82900.0,47600
2020-03-27,34550,95700,82800,78600,77800,123100,107700,91900,82900.0,47600
2020-03-28,,,,,,,,,,
2020-03-29,,,,,,,,,,
2020-03-30,34550,95700,82800,78600,77800,123100,107700,91900,82900.0,47600
2020-03-31,34550,95700,82800,78600,77800,123100,107700,91900,82900.0,47600
2020-04-01,33600,95700,77900,69850,77800,118200,107700,91900,83900.0,47600
2020-04-02,33600,95700,77900,69850,77800,118200,107700,91900,83900.0,47600
2020-04-03,33600,95700,77900,69850,77800,118200,107700,91900,83900.0,47600
2020-04-04,,,,,,,,,,
2020-04-05,,,,,,,,,,
2020-04-06,33600,95700,77900,69850,77800,118200,107700,91900,83900.0,47600
2020-04-07,33600,95700,77900,69850,77800,118200,107700,91900,83900.0,47600
2020-04-08,33600,95700,77900,69850,74900,118200,105700,88750,78050.0,46000
2020-04-09,33600,95700,77900,69850,74900,118200,105700,88750,78050.0,46000
2020-04-10,,,,,,,,,,
2020-04-11,,,,,,,,,,
2020-04-12,,,,,,,,,,
2020-04-13,33600,95700,77900,69850,74900,118200,105700,88750,78050.0,46000
2020-04-14,33600,95700,77900,69850,74900,118200,105700,88750,78050.0,46000
2020-04-15,33600,98000,77900,68450,79300,121950,105700,86400,78050.0,46000
2020-04-16,33600,66050,77900,68450,79300,121950,105700,86400,78050.0,46000
2020-04-17,33600,66050,77900,68450,79300,121950,105700,86400,78050.0,46000
2020-04-18,,,,,,,,,,
2020-04-19,,,,,,,,,,
2020-04-20,33600,66050,77900,68450,79300,121950,105700,86400,78050.0,46000
2020-04-21,33600,66050,77900,68450,79300,121950,105700,86400,78050.0,46000
2020-04-22,33600,98000,77900,77450,79300,113250,105700,96250,78050.0,46200
2020-04-23,33600,66050,77900,77450,79300,113250,105700,96250,78050.0,46200
2020-04-24,33600,66050,77900,77450,79300,113250,105700,96250,78050.0,46200
2020-04-25,,,,,,,,,,
2020-04-26,,,,,,,,,,
2020-04-27,33600,66050,77900,77450,79300,113250,105700,96250,78050.0,46200
2020-04-28,33600,66050,77900,77450,79300,113250,105700,96250,78050.0,46200
2020-04-29,33600,98000,77900,77450,79300,113250,105700,96250,78050.0,46200
2020-04-30,33600,66050,77900,77450,79300,113250,105700,96250,78050.0,46200
2020-05-01,,,,,,,,,,
2020-05-02,,,,,,,,,,
2020-05-03,,,,,,,,,,
2020-05-04,33600,66050,77900,77450,79300,113250,105700,96250,78050.0,46200
2020-05-05,33600,66050,77900,77450,79300,113250,105700,96250,78050.0,46200
2020-05-06,36300,90650,81600,74200,73900,109150,101050,59850,78050.0,45350
2020-05-07,,,,,,,,,,
2020-05-08,36300,51400,81600,74200,73900,109150,101050,59850,78050.0,45350
2020-05-09,,,,,,,,,,
2020-05-10,,,,,,,,,,
2020-05-11,36300,51400,81600,74200,73900,109150,101050,59850,78050.0,45350
2020-05-12,36300,51400,81600,74200,73900,109150,101050,59850,78050.0,45350
2020-05-13,34750,65050,77550,62500,71050,109150,101050,55700,77550.0,43250
2020-05-14,34750,65050,77550,62500,71050,109150,101050,55700,77550.0,43250
2020-05-15,34750,65050,77550,62500,71050,109150,101050,55700,77550.0,43250
2020-05-16,,,,,,,,,,
2020-05-17,,,,,,,,,,
2020-05-18,34750,65050,77550,62500,71050,109150,101050,55700,77550.0,43250
2020-05-19,34750,65050,77550,62500,71050,109150,101050,55700,77550.0,43250
2020-05-20,34750,66400,77550,62500,71050,81900,55550,54450,77550.0,42350
2020-05-21,,,,,,,,,,
2020-05-22,,,,,,,,,,
2020-05-23,,,,,,,,,,
2020-05-24,,,,,,,,,,
2020-05-25,,,,,,,,,,
2020-05-26,,,,,,,,,,
2020-05-27,,,,,,,,,,
2020-05-28,36050,65650,73250,25500,71050,69550,51200,46200,77550.0,41500
2020-05-29,36050,65650,73250,25500,71050,69550,51200,46200,77550.0,41500
2020-05-30,,,,,,,,,,
2020-05-31,,,,,,,,,,
2020-06-01,,,,,,,,,,
2020-06-02,36050,65650,73250,25500,71050,69550,51200,46200,77550.0,41500
2020-06-03,36050,65650,73850,58000,71050,69550,51200,46200,77550.0,37250
2020-06-04,36050,41400,73850,28500,71050,69550,51200,46200,77550.0,37250
2020-06-05,36050,41400,73850,28500,71050,69550,51200,46200,77550.0,37250
2020-06-06,,,,,,,,,,
2020-06-07,,,,,,,,,,
2020-06-08,36050,41400,73850,28500,71050,69550,51200,46200,77550.0,37250
2020-06-09,36050,41400,73850,28500,71050,69550,51200,46200,77550.0,37250
2020-06-10,33400,66400,70950,58000,58300,69550,50450,46200,77550.0,28850
2020-06-11,33400,42900,70950,28500,58300,69550,50450,46200,77550.0,28850
2020-06-12,33400,42900,70950,28500,58300,69550,50450,46200,77550.0,28850
2020-06-13,,,,,,,,,,
2020-06-14,,,,,,,,,,
2020-06-15,33400,42900,70950,28500,58300,69550,50450,46200,77550.0,28850
2020-06-16,33400,42900,70950,28500,58300,69550,50450,46200,77550.0,28850
2020-06-17,33400,64900,70550,56400,56900,69550,56000,43600,72050.0,29050
2020-06-18,33400,64900,70550,25250,56900,69550,56000,43600,72050.0,29050
2020-06-19,33400,64900,70550,25250,56900,69550,56000,43600,72050.0,29050
2020-06-20,,,,,,,,,,
2020-06-21,,,,,,,,,,
2020-06-22,33400,64900,70550,25250,56900,69550,56000,43600,72050.0,29050
2020-06-23,33400,64900,70550,25250,56900,69550,56000,43600,72050.0,29050
2020-06-24,38450,64900,68300,57950,55900,69550,51700,42200,72050.0,26100
2020-06-25,38450,64900,68300,28400,55900,69550,51700,42200,72050.0,26100
2020-06-26,38450,64900,68300,28400,55900,69550,51700,42200,72050.0,26100
2020-06-27,,,,,,,,,,
2020-06-28,,,,,,,,,,
2020-06-29,38450,64900,68300,28400,55900,69550,51700,42200,72050.0,26100
2020-06-30,38450,64900,68300,28400,55900,69550,51700,42200,72050.0,26100
2020-07-01,38450,60400,68300,57950,42700,65050,53050,40700,72050.0,26100
2020-07-02,38450,60400,68300,28400,42700,65050,53050,40700,72050.0,26100
2020-07-03,38450,60400,68300,28400,42700,65050,53050,40700,72050.0,26100
2020-07-04,,,,,,,,,,
2020-07-05,,,,,,,,,,
2020-07-06,38450,60400,68300,28400,42700,65050,53050,40700,72050.0,26100
2020-07-07,38450,60400,68300,28400,42700,65050,53050,40700,72050.0,26100
2020-07-08,38450,60400,69050,57950,43300,59300,53050,42200,71050.0,26500
2020-07-09,38450,60400,69050,28400,43300,59300,53050,42200,71050.0,26500
2020-07-10,38450,60400,69050,28400,43300,59300,53050,42200,71050.0,26500
2020-07-11,,,,,,,,,,
2020-07-12,,,,,,,,,,
2020-07-13,38450,60400,69050,28400,43300,59300,53050,42200,71050.0,26500
2020-07-14,38450,60400,69050,28400,43300,59300,53050,42200,71050.0,26500
2020-07-15,39250,59650,70200,56550,42550,58150,53050,43700,71050.0,26600
2020-07-16,39250,59650,70200,25600,42550,58150,53050,43700,71050.0,26600
2020-07-17,39250,59650,70200,25600,42550,58150,53050,43700,71050.0,26600
2020-07-18,,,,,,,,,,
2020-07-19,,,,,,,,,,
2020-07-20,39250,59650,70200,25600,42550,58150,53050,43700,71050.0,26600
2020-07-21,39250,59650,70200,25600,42550,58150,53050,43700,71050.0,26600
2020-07-22,39250,60500,71550,58050,43050,56900,53050,42450,71050.0,23600
2020-07-23,39250,60500,71550,28550,43050,56900,53050,42450,71050.0,23600
2020-07-24,39250,60500,71550,28550,43050,56900,53050,42450,71050.0,23600
2020-07-25,,,,,,,,,,
2020-07-26,,,,,,,,,,
2020-07-27,39250,60500,71550,28550,43050,56900,53050,42450,71050.0,23600
2020-07-28,39250,60500,71550,28550,43050,56900,53050,42450,71050.0,23600
2020-07-29,39250,60500,71550,58050,43050,56900,53050,42450,71050.0,23600
2020-07-30,39250,60500,71550,28550,43050,56900,53050,42450,71050.0,23600
2020-07-31,,,,,,,,,,
2020-08-01,,,,,,,,,,
2020-08-02,,,,,,,,,,
2020-08-03,39250,60500,71550,28550,43050,56900,53050,42450,71050.0,23600
2020-08-04,39250,60500,71550,28550,43050,56900,53050,42450,71050.0,23600
2020-08-05,43350,60500,72300,56950,47200,49050,49650,42450,71050.0,36750
2020-08-06,43350,60500,72300,26350,47200,49050,49650,42450,71050.0,36750
2020-08-07,43350,60500,72300,26350,47200,49050,49650,42450,71050.0,36750
2020-08-08,,,,,,,,,,
2020-08-09,,,,,,,,,,
2020-08-10,43350,60500,72300,26350,47200,49050,49650,42450,71050.0,36750
2020-08-11,43350,60500,72300,26350,47200,49050,49650,42450,71050.0,36750
2020-08-12,43350,60500,75900,56900,46100,50050,49650,43100,62900.0,36750
2020-08-13,43350,60500,75900,26300,46100,50050,49650,43100,62900.0,36750
2020-08-14,43350,60500,75900,26300,46100,50050,49650,43100,62900.0,36750
2020-08-15,,,,,,,,,,
2020-08-16,,,,,,,,,,
2020-08-17,,,,,,,,,,
2020-08-18,43350,60500,75900,26300,46100,50050,49650,43100,62900.0,36750
2020-08-19,44000,60500,75900,57000,46100,54650,49650,44100,60650.0,36450
2020-08-20,,,,,,,,,,
2020-08-21,,,,,,,,,,
2020-08-22,,,,,,,,,,
2020-08-23,,,,,,,,,,
2020-08-24,44000,34100,75900,26500,46100,54650,49650,44100,60650.0,36450
2020-08-25,44000,34100,75900,26500,46100,54650,49650,44100,60650.0,36450
2020-08-26,38000,60500,74600,57000,45150,54650,44300,44100,60650.0,34950
2020-08-27,38000,34100,74600,26500,45150,54650,44300,44100,60650.0,34950
2020-08-28,38000,34100,74600,26500,45150,54650,44300,44100,60650.0,34950
2020-08-29,,,,,,,,,,
2020-08-30,,,,,,,,,,
2020-08-31,38000,34100,74600,26500,45150,54650,44300,44100,60650.0,34950
2020-09-01,38000,34100,74600,26500,45150,54650,44300,44100,60650.0,34950
2020-09-02,38000,34550,72700,54100,42600,54650,40550,44100,60650.0,37350
2020-09-03,38000,34550,72700,54100,42600,54650,40550,44100,60650.0,37350
2020-09-04,38000,34550,72700,54100,42600,54650,40550,44100,60650.0,37350
2020-09-05,,,,,,,,,,
2020-09-06,,,,,,,,,,
2020-09-07,38000,34550,72700,54100,42600,54650,40550,44100,60650.0,37350
2020-09-08,38000,34550,72700,54100,42600,54650,40550,44100,60650.0,37350
2020-09-09,44350,34550,71500,53950,42950,56550,42050,39250,60650.0,37300
2020-09-10,44350,34550,71500,53950,42950,56550,42050,39250,60650.0,37300
2020-09-11,44350,34550,71500,53950,42950,56550,42050,39250,60650.0,37300
2020-09-12,,,,,,,,,,
2020-09-13,,,,,,,,,,
2020-09-14,44350,34550,71500,53950,42950,56550,42050,39250,60650.0,37300
2020-09-15,44350,34550,71500,53950,42950,56550,42050,39250,60650.0,37300
2020-09-16,44350,34050,71050,54000,46950,54550,44050,40500,66300.0,37300
2020-09-17,44350,33100,71050,54000,46950,54550,44050,40500,66300.0,37300
2020-09-18,44350,33100,71050,54000,46950,54550,44050,40500,66300.0,37300
2020-09-19,,,,,,,,,,
2020-09-20,,,,,,,,,,
2020-09-21,44350,33100,71050,54000,46950,54550,44050,40500,66300.0,37300
2020-09-22,44350,33100,71050,54000,46950,54550,44050,40500,66300.0,37300
2020-09-23,44350,35650,70650,57750,45950,54550,45300,40850,66300.0,40700
2020-09-24,44350,36300,70650,57750,45950,54550,45300,40850,66300.0,40700
2020-09-25,44350,36300,70650,57750,45950,54550,45300,40850,66300.0,40700
2020-09-26,,,,,,,,,,
2020-09-27,,,,,,,,,,
2020-09-28,44350,36300,70650,57750,45950,54550,45300,40850,66300.0,40700
2020-09-29,44350,36300,70650,57750,45950,54550,45300,40850,66300.0,40700
2020-09-30,44350,35650,70650,57750,45950,54550,45300,40850,66300.0,40700
2020-10-01,44350,36300,70650,57750,45950,54550,45300,40850,66300.0,40700
2020-10-02,44350,36300,70650,57750,45950,54550,45300,40850,66300.0,40700
2020-10-03,,,,,,,,,,
2020-10-04,,,,,,,,,,
2020-10-05,44350,36300,70650,57750,45950,54550,45300,40850,66300.0,40700
2020-10-06,44350,36300,70650,57750,45950,54550,45300,40850,66300.0,40700
2020-10-07,44350,41100,72050,57750,48200,50650,45300,40100,64550.0,41700
2020-10-08,44350,41100,72050,57750,48200,50650,45300,40100,64550.0,41700
2020-10-09,44350,41100,72050,57750,48200,50650,45300,40100,64550.0,41700
2020-10-10,,,,,,,,,,
2020-10-11,,,,,,,,,,
2020-10-12,44350,41100,72050,57750,48200,50650,45300,40100,64550.0,41700
2020-10-13,44350,41100,72050,57750,48200,50650,45300,40100,64550.0,41700
2020-10-14,57800,41100,80400,59050,47200,56400,44450,41500,64550.0,50450
2020-10-15,57800,41100,80400,59050,47200,56400,44450,41500,64550.0,50450
2020-10-16,57800,41100,80400,59050,47200,56400,44450,41500,64550.0,50450
2020-10-17,,,,,,,,,,
2020-10-18,,,,,,,,,,
2020-10-19,57800,41100,80400,59050,47200,56400,44450,41500,64550.0,50450
2020-10-20,57800,41100,80400,59050,47200,56400,44450,41500,64550.0,50450
2020-10-21,52150,41100,83150,63100,53300,61400,50950,41500,64550.0,50700
2020-10-22,52150,41100,83150,63100,53300,61400,50950,41500,64550.0,50700
2020-10-23,52150,41100,83150,63100,53300,61400,50950,41500,64550.0,50700
2020-10-24,,,,,,,,,,
2020-10-25,,,,,,,,,,
2020-10-26,52150,41100,83150,63100,53300,61400,50950,41500,64550.0,50700
2020-10-27,52150,41100,83150,63100,53300,61400,50950,41500,64550.0,50700
2020-10-28,,,,,,,,,,
2020-10-29,,,,,,,,,,
2020-10-30,,,,,,,,,,
2020-10-31,,,,,,,,,,
2020-11-01,,,,,,,,,,
2020-11-02,44950,41100,86650,40600,56150,63400,52300,41200,64550.0,49950
2020-11-03,44950,41100,86650,40600,56150,63400,52300,41200,64550.0,49950
2020-11-04,41600,51400,91300,65350,61550,63400,64050,50450,64550.0,52200
2020-11-05,41600,51400,91300,65350,61550,63400,64050,50450,64550.0,52200
2020-11-06,41600,51400,91300,65350,61550,63400,64050,50450,64550.0,52200
2020-11-07,,,,,,,,,,
2020-11-08,,,,,,,,,,
2020-11-09,41600,51400,91300,65350,61550,63400,64050,50450,64550.0,52200
2020-11-10,41600,51400,91300,65350,61550,63400,64050,50450,64550.0,52200
2020-11-11,45250,51400,91300,65350,64250,61900,67550,50450,66650.0,51800
2020-11-12,45250,51400,91300,65350,64250,61900,67550,50450,66650.0,51800
2020-11-13,45250,51400,91300,65350,64250,61900,67550,50450,66650.0,51800
2020-11-14,,,,,,,,,,
2020-11-15,,,,,,,,,,
2020-11-16,45250,51400,91300,65350,64250,61900,67550,50450,66650.0,51800
2020-11-17,45250,51400,91300,65350,64250,61900,67550,50450,66650.0,51800
2020-11-18,45250,51400,87650,66300,60900,61900,67550,55700,66650.0,51050
2020-11-19,45250,51400,87650,66300,60900,61900,67550,55700,66650.0,51050
2020-11-20,45250,51400,87650,66300,60900,61900,67550,55700,66650.0,51050
2020-11-21,,,,,,,,,,
2020-11-22,,,,,,,,,,
2020-11-23,45250,51400,87650,66300,60900,61900,67550,55700,66650.0,51050
2020-11-24,45250,51400,87650,66300,60900,61900,67550,55700,66650.0,51050
2020-11-25,45250,51400,91250,66300,64000,63400,67550,54950,66650.0,54800
2020-11-26,45250,51400,91250,66300,64000,63400,67550,54950,66650.0,54800
2020-11-27,45250,51400,91250,66300,64000,63400,67550,54950,66650.0,54800
2020-11-28,,,,,,,,,,
2020-11-29,,,,,,,,,,
2020-11-30,45250,51400,91250,66300,64000,63400,67550,54950,66650.0,54800
2020-12-01,45250,51400,91250,66300,64000,63400,67550,54950,66650.0,54800
2020-12-02,50550,53900,89850,66500,62950,64650,67550,56700,66650.0,55950
2020-12-03,50550,53900,89850,66500,62950,64650,67550,56700,66650.0,55950
2020-12-04,50550,53900,89850,66500,62950,64650,67550,56700,66650.0,55950
2020-12-05,,,,,,,,,,
2020-12-06,,,,,,,,,,
2020-12-07,50550,53900,89850,66500,62950,64650,67550,56700,66650.0,55950
2020-12-08,50550,53900,89850,66500,62950,64650,67550,56700,66650.0,55950
2020-12-09,,,,,,,,,,
2020-12-10,50550,53900,93450,62900,70250,66900,67550,57450,66650.0,55950
2020-12-11,50550,53900,93450,62900,70250,66900,67550,57450,66650.0,55950
2020-12-12,,,,,,,,,,
2020-12-13,,,,,,,,,,
2020-12-14,50550,53900,93450,62900,70250,66900,67550,57450,66650.0,55950
2020-12-15,50550,53900,93450,62900,70250,66900,67550,57450,66650.0,55950
2020-12-16,46300,53900,93800,75950,74050,76050,71550,69700,66650.0,55300
2020-12-17,46300,53900,93800,75950,74050,76050,71550,69700,66650.0,55300
2020-12-18,46300,53900,93800,75950,74050,76050,71550,69700,66650.0,55300
2020-12-19,,,,,,,,,,
2020-12-20,,,,,,,,,,
2020-12-21,46300,53900,93800,75950,74050,76050,71550,69700,66650.0,55300
2020-12-22,46300,53900,93800,75950,74050,76050,71550,69700,66650.0,55300
2020-12-23,63750,53900,102100,75950,72950,76050,81300,67200,66650.0,53300
2020-12-24,,,,,,,,,,
2020-12-25,,,,,,,,,,
2020-12-26,,,,,,,,,,
2020-12-27,,,,,,,,,,
2020-12-28,63750,53900,102100,75950,72950,76050,81300,67200,66650.0,53300
2020-12-29,63750,53900,102100,75950,72950,76050,81300,67200,66650.0,53300
2020-12-30,63750,53900,102100,75950,72950,76050,81300,67200,77400.0,53300
2020-12-31,,,,,,,,,,
2021-01-01,,,,,,,,,,
2021-01-02,,,,,,,,,,
2021-01-03,,,,,,,,,,
2021-01-04,63750,53900,102100,75950,72950,76050,81300,67200,77400.0,53300
2021-01-05,63750,53900,102100,75950,72950,76050,81300,67200,77400.0,53300
2021-01-06,63750,53900,103650,92550,86700,104200,91650,84300,77400.0,54450
2021-01-07,63750,53900,103650,92550,86700,104200,91650,84300,77400.0,54450
2021-01-08,63750,53900,103650,92550,86700,104200,91650,84300,77400.0,54450
2021-01-09,,,,,,,,,,
2021-01-10,,,,,,,,,,
2021-01-11,63750,53900,103650,92550,86700,104200,91650,84300,77400.0,54450
2021-01-12,63750,53900,103650,92550,86700,104200,91650,84300,77400.0,54450
2021-01-13,58400,83900,115250,88800,85950,104200,102000,80550,72650.0,55200
2021-01-14,58400,83900,115250,88800,85950,104200,102000,80550,72650.0,55200
2021-01-15,58400,83900,115250,88800,85950,104200,102000,80550,72650.0,55200
2021-01-16,,,,,,,,,,
2021-01-17,,,,,,,,,,
2021-01-18,58400,83900,115250,88800,85950,104200,102000,80550,72650.0,55200
2021-01-19,58400,83900,115250,88800,85950,104200,102000,80550,72650.0,55200
2021-01-20,67200,83900,111350,86550,83650,104200,102000,83300,72650.0,53350
2021-01-21,67200,83900,111350,86550,83650,104200,102000,83300,72650.0,53350
2021-01-22,67200,83900,111350,86550,83650,104200,102000,83300,72650.0,53350
2021-01-23,,,,,,,,,,
2021-01-24,,,,,,,,,,
2021-01-25,67200,83900,111350,86550,83650,104200,102000,83300,72650.0,53350
2021-01-26,67200,83900,111350,86550,83650,104200,102000,83300,72650.0,53350
2021-01-27,67200,83900,108150,86550,83650,104200,99500,80700,76900.0,52400
2021-01-28,67200,83900,108150,86550,83650,104200,99500,80700,76900.0,52400
2021-01-29,67200,83900,108150,86550,83650,104200,99500,80700,76900.0,52400
2021-01-30,,,,,,,,,,
2021-01-31,,,,,,,,,,
2021-02-01,67200,83900,108150,86550,83650,104200,99500,80700,76900.0,52400
2021-02-02,67200,83900,108150,86550,83650,104200,99500,80700,76900.0,52400
2021-02-03,67200,98900,100550,88800,78200,104200,99500,90700,76900.0,52000
2021-02-04,67200,98900,100550,88800,78200,104200,99500,90700,76900.0,52000
2021-02-05,67200,98900,100550,88800,78200,104200,99500,90700,76900.0,52000
2021-02-06,,,,,,,,,,
2021-02-07,,,,,,,,,,
2021-02-08,67200,98900,100550,88800,78200,104200,99500,90700,76900.0,52000
2021-02-09,67200,98900,100550,88800,78200,104200,99500,90700,76900.0,52000
2021-02-10,65700,89900,96700,84550,82600,104200,94500,90950,76900.0,50950
2021-02-11,65700,89900,96700,84550,82600,104200,94500,90950,76900.0,50950
2021-02-12,,,,,,,,,,
2021-02-13,,,,,,,,,,
2021-02-14,,,,,,,,,,
2021-02-15,65700,89900,96700,84550,82600,104200,94500,90950,76900.0,50950
2021-02-16,65700,89900,96700,84550,82600,104200,94500,90950,76900.0,50950
2021-02-17,57950,89900,92100,84550,83100,104200,94500,90950,76900.0,49450
2021-02-18,57950,89900,92100,84550,83100,104200,94500,90950,76900.0,49450
2021-02-19,57950,89900,92100,84550,83100,104200,94500,90950,76900.0,49450
2021-02-20,,,,,,,,,,
2021-02-21,,,,,,,,,,
2021-02-22,57950,89900,92100,84550,83100,104200,94500,90950,76900.0,49450
2021-02-23,57950,89900,92100,84550,83100,104200,94500,90950,76900.0,49450
2021-02-24,57950,89900,87100,84550,87300,104200,89500,90950,76900.0,50350
2021-02-25,57950,89900,87100,84550,87300,104200,89500,90950,74900.0,50350
2021-02-26,57950,89900,87100,84550,87300,104200,89500,90950,74900.0,50350
2021-02-27,,,,,,,,,,
2021-02-28,,,,,,,,,,
2021-03-01,57950,89900,87100,84550,87300,104200,89500,90950,74900.0,50350
2021-03-02,57950,89900,87100,84550,87300,104200,89500,90950,74900.0,50350
2021-03-03,57950,89900,83200,83950,83850,91700,92000,91950,76900.0,51250
2021-03-04,57950,89900,83200,83950,83850,91700,92000,91950,76900.0,51250
2021-03-05,57950,89900,83200,83950,83850,91700,92000,91950,76900.0,51250
2021-03-06,,,,,,,,,,
2021-03-07,,,,,,,,,,
2021-03-08,57950,89900,83200,83950,83850,91700,92000,91950,76900.0,51250
2021-03-09,57950,89900,83200,83950,83850,91700,92000,91950,76900.0,51250
2021-03-10,57950,89900,88200,83950,83950,91700,92000,91950,76900.0,55200
2021-03-11,,,,,,,,,,
2021-03-12,57950,89900,88200,83950,83950,91700,92000,91950,76900.0,55200
2021-03-13,,,,,,,,,,
2021-03-14,,,,,,,,,,
2021-03-15,57950,89900,88200,83950,83950,91700,92000,91950,76900.0,55200
2021-03-16,57950,89900,88200,83950,83950,91700,92000,91950,76900.0,55200
2021-03-17,57950,89900,88800,83950,82700,91700,92000,91950,76900.0,56050
2021-03-18,57950,89900,88800,83950,82700,91700,92000,91950,76900.0,56050
2021-03-19,57950,89900,88800,83950,82700,91700,92000,91950,76900.0,56050
2021-03-20,,,,,,,,,,
2021-03-21,,,,,,,,,,
2021-03-22,57950,89900,88800,83950,82700,91700,92000,91950,76900.0,56050
2021-03-23,57950,89900,88800,83950,82700,91700,92000,91950,76900.0,56050
2021-03-24,57950,89900,87200,83950,79600,91700,86900,92000,76900.0,55300
2021-03-25,57950,89900,87200,83950,79600,91700,86900,92000,76900.0,55300
2021-03-26,57950,89900,87200,83950,79600,91700,86900,92000,76900.0,55300
2021-03-27,,,,,,,,,,
2021-03-28,,,,,,,,,,
2021-03-29,57950,89900,87200,83950,79600,91700,86900,92000,76900.0,55300
2021-03-30,57950,89900,87200,83950,79600,91700,86900,92000,76900.0,55300
2021-03-31,57950,89900,87200,83950,79600,91700,86900,92000,79900.0,55300
2021-04-01,57950,89900,87200,83950,79600,91700,86900,92000,79900.0,55300
2021-04-02,,,,,,,,,,
2021-04-03,,,,,,,,,,
2021-04-04,,,,,,,,,,
2021-04-05,57950,89900,87200,83950,79600,91700,86900,92000,79900.0,55300
2021-04-06,57950,89900,87200,83950,79600,91700,86900,92000,79900.0,55300
2021-04-07,57950,89900,90450,85700,79100,100950,82100,94750,76400.0,55300
2021-04-08,57950,89900,90450,85700,79100,100950,82100,94750,76400.0,55300
2021-04-09,57950,89900,90450,85700,79100,100950,82100,94750,76400.0,55300
2021-04-10,,,,,,,,,,
2021-04-11,,,,,,,,,,
2021-04-12,57950,89900,90450,85700,79100,100950,82100,94750,76400.0,55300
2021-04-13,57950,89900,90450,85700,79100,100950,82100,94750,76400.0,55300
2021-04-14,58700,89900,86200,92150,84800,100950,84600,94750,76400.0,56950
2021-04-15,58700,89900,86200,92150,84800,100950,84600,94750,76400.0,56950
2021-04-16,58700,89900,86200,92150,84800,100950,84600,94750,76400.0,56950
2021-04-17,,,,,,,,,,
2021-04-18,,,,,,,,,,
2021-04-19,58700,89900,86200,92150,84800,100950,84600,94750,76400.0,56950
2021-04-20,58700,89900,86200,92150,84800,100950,84600,94750,76400.0,56950
2021-04-21,53900,92550,86800,92150,84700,103100,88550,94750,76400.0,56950
2021-04-22,53900,92550,86800,92150,84700,103100,88550,94750,76400.0,56950
2021-04-23,53900,92550,86800,92150,84700,103100,88550,94750,76400.0,56950
2021-04-24,,,,,,,,,,
2021-04-25,,,,,,,,,,
2021-04-26,53900,92550,86800,92150,84700,103100,88550,94750,76400.0,56950
2021-04-27,53900,92550,86800,92150,84700,103100,88550,94750,76400.0,56950
2021-04-28,46400,89900,87050,84650,84450,109750,88550,94750,80550.0,59950
2021-04-29,46400,89900,87050,84650,84450,109750,88550,94750,80550.0,59950
2021-04-30,46400,89900,87050,84650,84450,109750,88550,94750,80550.0,59950
2021-05-01,,,,,,,,,,
2021-05-02,,,,,,,,,,
2021-05-03,46400,89900,87050,84650,84450,109750,88550,94750,80550.0,59950
2021-05-04,46400,89900,87050,84650,84450,109750,88550,94750,80550.0,59950
2021-05-05,43200,92400,84600,66600,75100,94950,83750,84750,80550.0,63300
2021-05-06,43200,92400,84600,66600,75100,94950,83750,84750,80550.0,63300
2021-05-07,43200,92400,84600,66600,75100,94950,83750,84750,80550.0,63300
2021-05-08,,,,,,,,,,
2021-05-09,,,,,,,,,,
2021-05-10,43200,92400,84600,66600,75100,94950,83750,84750,80550.0,63300
2021-05-11,43200,92400,84600,66600,75100,94950,83750,84750,80550.0,63300
2021-05-12,,,,,,,,,,
2021-05-13,,,,,,,,,,
2021-05-14,,,,,,,,,,
2021-05-15,,,,,,,,,,
2021-05-16,,,,,,,,,,
2021-05-17,45200,89900,85350,66600,78200,84800,72850,85600,80550.0,63400
2021-05-18,45200,89900,85350,66600,78200,84800,72850,85600,80550.0,63400
2021-05-19,38950,89900,89600,69600,85200,84800,75850,83100,80750.0,63200
2021-05-20,38950,89900,89600,69600,85200,84800,75850,83100,80750.0,63200
2021-05-21,38950,89900,89600,69600,85200,84800,75850,83100,80750.0,63200
2021-05-22,,,,,,,,,,
2021-05-23,,,,,,,,,,
2021-05-24,38950,89900,89600,69600,85200,84800,75850,83100,80750.0,63200
2021-05-25,38950,89900,89600,69600,85200,84800,75850,83100,80750.0,63200
2021-05-26,,,,,,,,,,
2021-05-27,35500,92400,88050,68600,80000,83300,75700,78700,80750.0,63200
2021-05-28,35500,92400,88050,68600,80000,83300,75700,78700,80750.0,63200
2021-05-29,,,,,,,,,,
2021-05-30,,,,,,,,,,
2021-05-31,35500,92400,88050,68600,80000,83300,75700,78700,80750.0,63200
2021-06-01,,,,,,,,,,
2021-06-02,35500,89900,82500,68600,72850,78050,75200,78700,80550.0,60700
2021-06-03,35500,89900,82500,68600,72850,78050,75200,78700,80550.0,60700
2021-06-04,35500,89900,82500,68600,72850,78050,75200,78700,80550.0,60700
2021-06-05,,,,,,,,,,
2021-06-06,,,,,,,,,,
2021-06-07,35500,89900,82500,68600,72850,78050,75200,78700,80550.0,60700
2021-06-08,35500,89900,82500,68600,72850,78050,75200,78700,80550.0,60700
2021-06-09,35500,99900,84550,64850,65700,63450,75200,78700,80550.0,57700
2021-06-10,35500,99900,84550,64850,65700,63450,75200,78700,80550.0,57700
2021-06-11,35500,99900,84550,64850,65700,63450,75200,78700,80550.0,57700
2021-06-12,,,,,,,,,,
2021-06-13,,,,,,,,,,
2021-06-14,35500,99900,84550,64850,65700,63450,75200,78700,80550.0,57700
2021-06-15,35500,99900,84550,64850,65700,63450,75200,78700,80550.0,57700
2021-06-16,31750,99900,70050,68600,59200,60700,70700,78700,76150.0,57200
2021-06-17,31750,99900,70050,68600,59200,60700,70700,78700,76150.0,57200
2021-06-18,31750,99900,70050,68600,59200,60700,70700,78700,76150.0,57200
2021-06-19,,,,,,,,,,
2021-06-20,,,,,,,,,,
2021-06-21,31750,99900,70050,68600,59200,60700,70700,78700,76150.0,57200
2021-06-22,31750,99900,70050,68600,59200,60700,70700,78700,76150.0,57200
2021-06-23,31750,58900,69650,68600,55200,63900,65450,78700,76150.0,57200
2021-06-24,31750,58900,69650,68600,55200,63900,65450,78700,76150.0,57200
2021-06-25,31750,58900,69650,68600,55200,63900,65450,78700,76150.0,57200
2021-06-26,,,,,,,,,,
2021-06-27,,,,,,,,,,
2021-06-28,31750,58900,69650,68600,55200,63900,65450,78700,76150.0,57200
2021-06-29,31750,58900,69650,68600,55200,63900,65450,78700,76150.0,57200
2021-06-30,31750,58900,69650,68600,55200,63900,65450,78700,76150.0,57200
2021-07-01,31750,58900,69650,68600,55200,63900,65450,78700,76150.0,57200
2021-07-02,31750,58900,69650,68600,55200,63900,65450,78700,76150.0,57200
2021-07-03,,,,,,,,,,
2021-07-04,,,,,,,,,,
2021-07-05,31750,58900,69650,68600,55200,63900,65450,78700,76150.0,57200
2021-07-06,31750,58900,69650,68600,55200,63900,65450,78700,76150.0,57200
2021-07-07,33900,58700,73450,64900,53550,65450,60950,77900,78550.0,58100
2021-07-08,33900,58700,73450,64900,53550,65450,60950,77900,78550.0,58100
2021-07-09,33900,58700,73450,64900,53550,65450,60950,77900,78550.0,58100
2021-07-10,,,,,,,,,,
2021-07-11,,,,,,,,,,
2021-07-12,33900,58700,73450,64900,53550,65450,60950,77900,78550.0,58100
2021-07-13,33900,58700,73450,64900,53550,65450,60950,77900,78550.0,58100
2021-07-14,43900,58700,72450,62650,55200,49050,62650,73800,72800.0,57700
2021-07-15,43900,58700,72450,62650,55200,49050,62650,73800,72800.0,57700
2021-07-16,43900,58700,72450,62650,55200,49050,62650,73800,72800.0,57700
2021-07-17,,,,,,,,,,
2021-07-18,,,,,,,,,,
2021-07-19,43900,58700,72450,62650,55200,49050,62650,73800,72800.0,57700
2021-07-20,,,,,,,,,,
2021-07-21,40900,58700,76200,61500,53850,50700,62650,73800,76150.0,57100
2021-07-22,40900,58700,76200,61500,53850,50700,62650,73800,76150.0,57100
2021-07-23,40900,58700,76200,61500,53850,50700,62650,73800,76150.0,57100
2021-07-24,,,,,,,,,,
2021-07-25,,,,,,,,,,
2021-07-26,40900,58700,76200,61500,53850,50700,62650,73800,76150.0,57100
2021-07-27,40900,58700,76200,61500,53850,50700,62650,73800,76150.0,57100
2021-07-28,43400,64900,93800,62250,53850,50700,61200,73800,76150.0,57600
2021-07-29,43400,64900,93800,62250,53850,50700,61200,73800,76150.0,57600
2021-07-30,43400,64900,93800,62250,53850,50700,61200,73800,76150.0,57600
2021-07-31,,,,,,,,,,
2021-08-01,,,,,,,,,,
2021-08-02,43400,64900,93800,62250,53850,50700,61200,73800,76150.0,57600
2021-08-03,43400,64900,93800,62250,53850,50700,61200,73800,76150.0,57600
2021-08-04,43400,68600,78100,62750,55350,51350,57700,73800,76150.0,51600
2021-08-05,43400,68600,78100,62750,55350,51350,57700,73800,76150.0,51600
2021-08-06,43400,68600,78100,62750,55350,51350,57700,73800,76150.0,51600
2021-08-07,,,,,,,,,,
2021-08-08,,,,,,,,,,
2021-08-09,43400,68600,78100,62750,55350,51350,57700,73800,76150.0,51600
2021-08-10,43400,68600,78100,62750,55350,51350,57700,73800,76150.0,51600
2021-08-11,,,,,,,,,,
2021-08-12,39500,54750,78100,62750,50000,55250,57700,73800,76150.0,44350
2021-08-13,39500,54750,78100,62750,50000,55250,57700,73800,76150.0,44350
2021-08-14,,,,,,,,,,
2021-08-15,,,,,,,,,,
2021-08-16,39500,54750,78100,62750,50000,55250,57700,73800,76150.0,44350
2021-08-17,,,,,,,,,,
2021-08-18,39500,54750,78050,62750,50000,54500,57700,73800,76150.0,44350
2021-08-19,39500,54750,78050,62750,50000,54500,57700,73800,76150.0,44350
2021-08-20,39500,54750,78050,62750,50000,54500,57700,73800,76150.0,44350
2021-08-21,,,,,,,,,,
2021-08-22,,,,,,,,,,
2021-08-23,39500,54750,78050,62750,50000,54500,57700,73800,76150.0,44350
2021-08-24,39500,54750,78050,62750,50000,54500,57700,73800,76150.0,44350
2021-08-25,39500,54750,77150,57750,48500,53050,57700,73800,76150.0,44350
2021-08-26,39500,54750,77150,57750,48500,53050,57700,73800,76150.0,44350
2021-08-27,39500,54750,77150,57750,48500,53050,57700,73800,76150.0,44350
2021-08-28,,,,,,,,,,
2021-08-29,,,,,,,,,,
2021-08-30,39500,54750,77150,57750,48500,53050,57700,73800,76150.0,44350
2021-08-31,39500,54750,77150,57750,48500,53050,57700,73800,76150.0,44350
2021-09-01,39500,54750,75650,60150,45500,45450,54150,49200,76150.0,44250
2021-09-02,39500,54750,75650,60150,45500,45450,54150,49200,76150.0,44250
2021-09-03,39500,54750,75650,60150,45500,45450,54150,49200,76150.0,44250
2021-09-04,,,,,,,,,,
2021-09-05,,,,,,,,,,
2021-09-06,39500,54750,75650,60150,45500,45450,54150,49200,76150.0,44250
2021-09-07,39500,54750,75650,60150,45500,45450,54150,49200,76150.0,44250
2021-09-08,39500,55750,72200,50650,43150,43950,40600,46200,74400.0,33900
2021-09-09,39500,55750,72200,50650,43150,43950,40600,46200,74400.0,33900
2021-09-10,39500,55750,72200,50650,43150,43950,40600,46200,74400.0,33900
2021-09-11,,,,,,,,,,
2021-09-12,,,,,,,,,,
2021-09-13,39500,55750,72200,50650,43150,43950,40600,46200,74400.0,33900
2021-09-14,39500,55750,72200,50650,43150,43950,40600,46200,74400.0,33900
2021-09-15,33500,65350,72200,51150,38650,43100,40600,45700,74400.0,33900
2021-09-16,33500,65350,72200,51150,38650,43100,40600,45700,74400.0,33900
2021-09-17,33500,65350,72200,51150,38650,43100,40600,45700,74400.0,33900
2021-09-18,,,,,,,,,,
2021-09-19,,,,,,,,,,
2021-09-20,33500,65350,72200,51150,38650,43100,40600,45700,74400.0,33900
2021-09-21,33500,65350,72200,51150,38650,43100,40600,45700,74400.0,33900
2021-09-22,33500,63950,71700,50200,38900,41100,40600,45700,74400.0,30150
2021-09-23,33500,63950,71700,50200,38900,41100,40600,45700,74400.0,30150
2021-09-24,33500,63950,71700,50200,38900,41100,40600,45700,74400.0,30150
2021-09-25,,,,,,,,,,
2021-09-26,,,,,,,,,,
2021-09-27,33500,63950,71700,50200,38900,41100,40600,45700,74400.0,30150
2021-09-28,33500,63950,71700,50200,38900,41100,40600,45700,74400.0,30150
2021-09-29,33500,63950,71700,50200,38900,41100,40600,45700,74400.0,30150
2021-09-30,33500,63950,71700,50200,38900,41100,40600,45700,74400.0,30150
2021-10-01,33500,63950,71700,50200,38900,41100,40600,45700,74400.0,30150
2021-10-02,,,,,,,,,,
2021-10-03,,,,,,,,,,
2021-10-04,33500,63950,71700,50200,38900,41100,40600,45700,74400.0,30150
2021-10-05,33500,63950,71700,50200,38900,41100,40600,45700,74400.0,30150
2021-10-06,44000,66700,78050,51050,43600,44000,35150,45700,74400.0,27950
2021-10-07,44000,66700,78050,51050,43600,44000,35150,45700,74400.0,27950
2021-10-08,44000,66700,78050,51050,43600,44000,35150,45700,74400.0,27950
2021-10-09,,,,,,,,,,
2021-10-10,,,,,,,,,,
2021-10-11,44000,66700,78050,51050,43600,44000,35150,45700,74400.0,27950
2021-10-12,44000,66700,78050,51050,43600,44000,35150,45700,74400.0,27950
2021-10-13,44000,68050,84050,52000,43600,46900,42100,46450,67650.0,26400
2021-10-14,44000,68050,80200,52000,43600,46900,42100,46450,67650.0,26400
2021-10-15,44000,68050,80200,54700,43600,46900,42100,45200,67650.0,26400
2021-10-16,,,,,,,,,,
2021-10-17,,,,,,,,,,
2021-10-18,44000,68050,80200,54700,43600,46900,42100,45200,67650.0,26400
2021-10-19,44000,68050,80200,54700,43600,46900,42100,45200,67650.0,26400
2021-10-20,,,,,,,,,,
2021-10-21,44000,68050,80200,55450,43600,46900,42100,45200,67650.0,26400
2021-10-22,44000,68050,80200,55450,43600,46900,42100,45200,67650.0,26400
2021-10-23,,,,,,,,,,
2021-10-24,,,,,,,,,,
2021-10-25,44000,68050,80200,55450,43600,46900,42100,45200,67650.0,26400
2021-10-26,44000,68050,80200,55450,43600,46900,42100,45200,67650.0,26400
2021-10-27,49600,68050,83600,55450,47650,54600,42100,45200,67650.0,24900
2021-10-28,49600,68050,80200,55450,47650,54600,42100,45200,67650.0,24900
2021-10-29,44000,68050,80200,55450,43600,46900,42100,45200,67650.0,26400
2021-10-30,,,,,,,,,,
2021-10-31,,,,,,,,,,
2021-11-01,44000,68050,80200,55450,43600,46900,42100,45200,67650.0,26400
2021-11-02,49600,68050,83600,55450,47650,54600,42100,45200,67650.0,24900
2021-11-03,49600,72050,87400,55450,48400,51200,45800,45200,67650.0,24900
2021-11-04,49600,68050,87400,55450,48400,51200,45800,45200,67650.0,24900
2021-11-05,49600,68050,80200,55450,43600,46900,42100,45200,67650.0,26400
2021-11-06,,,,,,,,,,
2021-11-07,,,,,,,,,,
2021-11-08,49600,68050,80200,55450,43600,46900,42100,45200,67650.0,26400
2021-11-09,49600,72050,87400,55450,48400,51200,45800,45200,67650.0,24900
2021-11-10,53500,72050,88000,64450,47450,52000,49550,47050,68650.0,25650
2021-11-11,49600,72050,88000,64450,47450,52000,49550,47050,68650.0,25650
2021-11-12,49600,68050,80200,55450,43600,46900,42100,45200,68650.0,26400
2021-11-13,,,,,,,,,,
2021-11-14,,,,,,,,,,
2021-11-15,49600,68050,80200,55450,43600,46900,42100,45200,68650.0,26400
2021-11-16,49600,72050,88000,64450,47450,52000,49550,47050,68650.0,25650
2021-11-17,53500,72050,89400,63800,51600,52600,51300,48300,83900.0,24150
2021-11-18,53500,72050,89400,63800,51600,52600,51300,48300,83900.0,24150
2021-11-19,49600,68050,80200,55450,43600,46900,42100,45200,83900.0,26400
2021-11-20,,,,,,,,,,
2021-11-21,,,,,,,,,,
2021-11-22,49600,68050,80200,55450,43600,46900,42100,45200,83900.0,26400
2021-11-23,53500,72050,89400,63800,51600,52600,51300,48300,83900.0,24150
2021-11-24,42500,72050,90550,67050,54550,55600,64400,48300,83900.0,26400
2021-11-25,42500,72050,90550,67050,54550,55600,64400,48300,83900.0,26400
2021-11-26,49600,68050,80200,55450,-,-,-,45200,83900.0,-
2021-11-27,,,,,,,,,,
2021-11-28,,,,,,,,,,
2021-11-29,49600,68050,-,55450,-,-,-,-,83900.0,-
2021-11-30,42500,72050,90550,67050,54550,55600,64400,48300,83900.0,26400
2021-12-01,42500,83950,90300,64050,55750,62900,53100,48300,83900.0,26900
2021-12-02,42500,83950,90300,64050,55750,62900,53100,48300,83900.0,26900
2021-12-03,49600,68050,-,55450,-,-,-,-,83900.0,-
2021-12-04,,,,,,,,,,
2021-12-05,,,,,,,,,,
2021-12-06,49600,-,-,-,-,-,-,-,83900.0,-
2021-12-07,42500,83950,90300,64050,55750,62900,53100,48300,83900.0,26900
2021-12-08,42500,83950,89250,63550,54600,64650,66850,49700,96150.0,28800
2021-12-09,42500,83950,89250,63550,54600,64650,66850,49700,96150.0,28800
2021-12-10,49600,-,-,-,-,-,-,-,96150.0,-
2021-12-11,,,,,,,,,,
2021-12-12,,,,,,,,,,
2021-12-13,49600,-,-,-,-,-,-,-,96150.0,-
2021-12-14,42500,83950,89250,63550,54600,64650,66850,49700,96150.0,28800
2021-12-15,42500,73950,83950,68700,73900,70550,74450,55700,96150.0,59800
2021-12-16,42500,73950,83950,68700,73900,70550,74450,55700,96150.0,59800
2021-12-17,-,-,-,-,-,-,-,-,96150.0,-
2021-12-18,,,,,,,,,,
2021-12-19,,,,,,,,,,
2021-12-20,-,-,-,-,-,-,-,-,96150.0,-
2021-12-21,42500,73950,83950,68700,73900,70550,74450,55700,96150.0,59800
2021-12-22,42500,83950,83050,69250,71500,76800,74450,55700,109900.0,59800
2021-12-23,42500,83950,83050,69250,71500,76800,74450,55700,109900.0,59800
2021-12-24,-,-,-,-,-,-,-,-,109900.0,-
2021-12-25,,,,,,,,,,
2021-12-26,,,,,,,,,,
2021-12-27,-,-,-,-,-,-,-,-,109900.0,-
2021-12-28,42500,83950,83050,69250,71500,76800,74450,55700,109900.0,59800
2021-12-29,42500,83950,83050,69250,71500,76800,74450,55700,96150.0,59800
2021-12-30,42500,83950,83050,69250,71500,76800,74450,55700,96150.0,59800
2021-12-31,-,-,-,-,-,-,-,-,96150.0,-
2022-01-01,,,,,,,,,,
2022-01-02,,,,,,,,,,
2022-01-03,42500,83950,83050,69250,71500,76800,74450,55700,96150.0,59800
2022-01-04,42500,83950,83050,69250,71500,76800,74450,55700,96150.0,59800
2022-01-05,29950,82200,87700,64350,68900,80200,79900,69400,96150.0,69450
2022-01-06,29950,82200,87700,64350,68900,80200,79900,69400,96150.0,69450
2022-01-07,29950,82200,87700,64350,68900,80200,79900,69400,96150.0,69450
2022-01-08,,,,,,,,,,
2022-01-09,,,,,,,,,,
2022-01-10,29950,82200,87700,64350,68900,80200,79900,69400,96150.0,69450
2022-01-11,29950,82200,87700,64350,68900,80200,79900,69400,96150.0,69450
2022-01-12,29950,82200,91800,61850,65300,80200,69200,70650,110200.0,69450
2022-01-13,29950,82200,91800,61850,65300,80200,69200,70650,110200.0,69450
2022-01-14,29950,82200,91800,61850,65300,80200,69200,70650,110200.0,69450
2022-01-15,,,,,,,,,,
2022-01-16,,,,,,,,,,
2022-01-17,29950,82200,91800,61850,65300,80200,69200,70650,110200.0,69450
2022-01-18,29950,82200,91800,61850,65300,80200,69200,70650,110200.0,69450
2022-01-19,29950,82200,82450,60200,62300,64900,67200,65650,102200.0,67700
2022-01-20,29950,82200,82450,60200,62300,64900,67200,65650,102200.0,67700
2022-01-21,29950,82200,82450,60200,62300,64900,67200,65650,102200.0,67700
2022-01-22,,,,,,,,,,
2022-01-23,,,,,,,,,,
2022-01-24,29950,82200,82450,60200,62300,64900,67200,65650,102200.0,67700
2022-01-25,29950,82200,82450,60200,62300,64900,67200,65650,102200.0,67700
2022-01-26,29950,80200,76950,61100,57250,59900,67200,72650,102200.0,67700
2022-01-27,29950,80200,76950,61100,57250,59900,67200,72650,102200.0,67700
2022-01-28,29950,80200,76950,61100,57250,59900,67200,72650,102200.0,67700
2022-01-29,,,,,,,,,,
2022-01-30,,,,,,,,,,
2022-01-31,29950,80200,76950,61100,57250,59900,67200,72650,102200.0,67700
2022-02-01,,,,,,,,,,
2022-02-02,32050,80200,81650,61100,55500,59900,67200,70900,102200.0,66200
2022-02-03,32050,80200,81650,61100,55500,59900,67200,70900,102200.0,66200
2022-02-04,32050,80200,81650,61100,55500,59900,67200,70900,102200.0,66200
2022-02-05,,,,,,,,,,
2022-02-06,,,,,,,,,,
2022-02-07,32050,80200,81650,61100,55500,59900,67200,70900,102200.0,66200
2022-02-08,32050,80200,81650,61100,55500,59900,67200,70900,102200.0,66200
2022-02-09,32050,80200,83700,61100,53850,57900,67200,70650,102200.0,66200
2022-02-10,32050,80200,83700,61100,53850,57900,67200,70650,102200.0,66200
2022-02-11,32050,80200,83700,61100,53850,57900,67200,70650,102200.0,66200
2022-02-12,,,,,,,,,,
2022-02-13,,,,,,,,,,
2022-02-14,32050,80200,83700,61100,53850,57900,67200,70650,102200.0,66200
2022-02-15,32050,80200,83700,61100,53850,57900,67200,70650,102200.0,66200
2022-02-16,38300,83950,83700,61100,54200,58900,67200,73900,93450.0,66200
2022-02-17,38300,83950,83700,61100,54200,58900,67200,73900,93450.0,66200
2022-02-18,38300,83950,83700,61100,54200,58900,67200,73900,93450.0,66200
2022-02-19,,,,,,,,,,
2022-02-20,,,,,,,,,,
2022-02-21,38300,83950,83700,61100,54200,58900,67200,73900,93450.0,66200
2022-02-22,38300,83950,83700,61100,54200,58900,67200,73900,93450.0,66200
2022-02-23,43350,76600,90500,65350,56550,63400,63900,65150,85650.0,65700
2022-02-24,43350,76600,90500,65350,56550,63400,63900,65150,85650.0,65700
2022-02-25,43350,76600,90500,65350,56550,63400,63900,65150,85650.0,65700
2022-02-26,,,,,,,,,,
2022-02-27,,,,,,,,,,
2022-02-28,,,,,,,,,,
2022-03-01,43350,76600,90500,65350,56550,63400,63900,65150,85650.0,65700
2022-03-02,48550,77200,92350,65350,56500,62550,64200,65150,85650.0,65700
2022-03-03,,,,,,,,,,
2022-03-04,48550,77200,92350,65350,56500,62550,64200,65150,85650.0,65700
2022-03-05,,,,,,,,,,
2022-03-06,,,,,,,,,,
2022-03-07,48550,77200,92350,65350,56500,62550,64200,65150,85650.0,65700
2022-03-08,48550,77200,92350,65350,56500,62550,64200,65150,85650.0,65700
2022-03-09,62150,82100,97000,69450,62950,72700,65700,66900,93150.0,62200
2022-03-10,62150,82100,97000,69450,62950,72700,65700,66900,93150.0,62200
2022-03-11,62150,82100,97000,69450,62950,72700,65700,66900,93150.0,62200
2022-03-12,,,,,,,,,,
2022-03-13,,,,,,,,,,
2022-03-14,62150,82100,97000,69450,62950,72700,65700,66900,93150.0,62200
2022-03-15,62150,82100,97000,69450,62950,72700,65700,66900,93150.0,62200
2022-03-16,62150,93100,95950,71950,63950,76700,64450,66650,93150.0,62200
2022-03-17,62150,93100,95950,71950,63950,76700,64450,66650,93150.0,62200
2022-03-18,62150,93100,95950,71950,63950,76700,64450,66650,93150.0,62200
2022-03-19,,,,,,,,,,
2022-03-20,,,,,,,,,,
2022-03-21,62150,93100,95950,71950,63950,76700,64450,66650,93150.0,62200
2022-03-22,62150,93100,95950,71950,63950,76700,64450,66650,93150.0,62200
2022-03-23,61000,92100,96300,71950,68450,76700,66950,69050,93150.0,61750
2022-03-24,61000,92100,96300,71950,68450,76700,66950,69050,93150.0,61750
2022-03-25,61000,92100,96300,71950,68450,76700,66950,69050,93150.0,61750
2022-03-26,,,,,,,,,,
2022-03-27,,,,,,,,,,
2022-03-28,61000,92100,96300,71950,68450,76700,66950,69050,93150.0,61750
2022-03-29,61000,92100,96300,71950,68450,76700,66950,69050,93150.0,61750
2022-03-30,61000,92100,96300,71950,68450,76700,66950,69050,108150.0,61750
2022-03-31,61000,92100,96300,71950,68450,76700,66950,69050,108150.0,61750
2022-04-01,61000,92100,96300,71950,68450,76700,66950,69050,108150.0,61750
2022-04-02,,,,,,,,,,
2022-04-03,,,,,,,,,,
2022-04-04,61000,92100,96300,71950,68450,76700,66950,69050,108150.0,61750
2022-04-05,61000,92100,96300,71950,68450,76700,66950,69050,108150.0,61750
2022-04-06,59850,81200,98050,70850,68900,80400,75600,71450,116400.0,66950
2022-04-07,59850,81200,98050,70850,68900,80400,75600,71450,116400.0,66950
2022-04-08,59850,81200,98050,70850,68900,80400,75600,71450,116400.0,66950
2022-04-09,,,,,,,,,,
2022-04-10,,,,,,,,,,
2022-04-11,59850,81200,98050,70850,68900,80400,75600,71450,116400.0,66950
2022-04-12,59850,81200,98050,70850,68900,80400,75600,71450,116400.0,66950
2022-04-13,46900,79450,95300,68950,73150,88200,75600,70350,105150.0,84850
2022-04-14,46900,79450,95300,68950,73150,88200,75600,70350,105150.0,84850
2022-04-15,,,,,,,,,,
2022-04-16,,,,,,,,,,
2022-04-17,,,,,,,,,,
2022-04-18,46900,79450,95300,68950,73150,88200,75600,70350,105150.0,84850
2022-04-19,46900,79450,95300,68950,73150,88200,75600,70350,105150.0,84850
2022-04-20,46900,79450,91250,74500,70900,89900,77750,70350,99400.0,81000
2022-04-21,46900,79450,91250,74500,70900,89900,77750,70350,99400.0,81000
2022-04-22,46900,79450,91250,74500,70900,89900,77750,70350,99400.0,81000
2022-04-23,,,,,,,,,,
2022-04-24,,,,,,,,,,
2022-04-25,46900,79450,91250,74500,70900,89900,77750,70350,99400.0,81000
2022-04-26,46900,79450,91250,74500,70900,89900,77750,70350,99400.0,81000
2022-04-27,42500,77450,80200,72600,70350,85150,67000,68850,99400.0,81000
2022-04-28,42500,77450,80200,72600,70350,85150,67000,68850,99400.0,81000
2022-04-29,42500,77450,80200,72600,70350,85150,67000,68850,99400.0,81000
2022-04-30,,,,,,,,,,
2022-05-01,,,,,,,,,,
2022-05-02,,,,,,,,,,
2022-05-03,,,,,,,,,,
2022-05-04,,,,,,,,,,
2022-05-05,,,,,,,,,,
2022-05-06,,,,,,,,,,
2022-05-07,,,,,,,,,,
2022-05-08,,,,,,,,,,
2022-05-09,42500,77450,86450,83750,80850,79500,67000,68850,99400.0,77850
2022-05-10,42500,77450,86450,83750,80850,79500,67000,68850,99400.0,77850
2022-05-11,36550,77700,86450,81400,80850,79500,70950,68850,99400.0,73750
2022-05-12,36550,77700,86450,81400,80850,79500,70950,68850,99400.0,73750
2022-05-13,36550,77700,86450,81400,80850,79500,70950,68850,99400.0,73750
2022-05-14,,,,,,,,,,
2022-05-15,,,,,,,,,,
2022-05-16,,,,,,,,,,
2022-05-17,36550,77700,86450,81400,80850,79500,70950,68850,99400.0,73750
2022-05-18,36550,77700,85950,71400,72850,78000,65350,66850,129700.0,50750
2022-05-19,36550,77700,85950,71400,72850,78000,65350,66850,129700.0,50750
2022-05-20,36550,77700,85950,71400,72850,78000,65350,66850,129700.0,50750
2022-05-21,,,,,,,,,,
2022-05-22,,,,,,,,,,
2022-05-23,36550,77700,85950,71400,72850,78000,65350,66850,129700.0,50750
2022-05-24,36550,77700,85950,71400,72850,78000,65350,66850,129700.0,50750
2022-05-25,45950,77700,87800,73900,71150,78250,65300,66850,131200.0,61600
2022-05-26,,,,,,,,,,
2022-05-27,45950,77700,87800,73900,71150,78250,65300,66850,131200.0,61600
2022-05-28,,,,,,,,,,
2022-05-29,,,,,,,,,,
2022-05-30,45950,77700,87800,73900,71150,78250,65300,66850,131200.0,61600
2022-05-31,45950,77700,87800,73900,71150,78250,65300,66850,131200.0,61600
2022-06-01,,,,,,,,,,
2022-06-02,59250,81950,94300,80850,73800,82000,67850,67350,131200.0,61400
2022-06-03,59250,81950,94300,80850,73800,82000,67850,67350,131200.0,61400
2022-06-04,,,,,,,,,,
2022-06-05,,,,,,,,,,
2022-06-06,59250,81950,94300,80850,73800,82000,67850,67350,131200.0,61400
2022-06-07,59250,81950,94300,80850,73800,82000,67850,67350,131200.0,61400
2022-06-08,64550,81950,95200,89850,82050,84550,75350,75600,131200.0,61400
2022-06-09,64550,81950,95200,89850,82050,84550,75350,75600,131200.0,61400
2022-06-10,64550,81950,95200,89850,82050,84550,75350,75600,131200.0,61400
2022-06-11,,,,,,,,,,
2022-06-12,,,,,,,,,,
2022-06-13,64550,81950,95200,89850,82050,84550,75350,75600,131200.0,61400
2022-06-14,64550,81950,95200,89850,82050,84550,75350,75600,131200.0,61400
2022-06-15,97250,94200,106600,98450,93800,96650,75350,88350,131200.0,57400
2022-06-16,97250,94200,106600,98450,93800,96650,75350,88350,131200.0,57400
2022-06-17,97250,94200,106600,98450,93800,96650,75350,88350,131200.0,57400
2022-06-18,,,,,,,,,,
2022-06-19,,,,,,,,,,
2022-06-20,97250,94200,106600,98450,93800,96650,75350,88350,131200.0,57400
2022-06-21,97250,94200,106600,98450,93800,96650,75350,88350,131200.0,57400
2022-06-22,91500,114450,117900,113650,98400,98650,85350,88350,131200.0,57400
2022-06-23,91500,114450,117900,113650,98400,98650,85350,88350,131200.0,57400
2022-06-24,91500,114450,117900,113650,98400,98650,85350,88350,131200.0,57400
2022-06-25,,,,,,,,,,
2022-06-26,,,,,,,,,,
2022-06-27,91500,114450,117900,113650,98400,98650,85350,88350,131200.0,57400
2022-06-28,91500,114450,117900,113650,98400,98650,85350,88350,131200.0,57400
2022-06-29,91500,114450,117900,113650,98400,98650,85350,88350,131200.0,57400
2022-06-30,91500,114450,117900,113650,98400,98650,85350,88350,131200.0,57400
2022-07-01,91500,114450,117900,113650,98400,98650,85350,88350,131200.0,57400
2022-07-02,,,,,,,,,,
2022-07-03,,,,,,,,,,
2022-07-04,91500,114450,117900,113650,98400,98650,85350,88350,131200.0,57400
2022-07-05,91500,114450,117900,113650,98400,98650,85350,88350,131200.0,57400
2022-07-06,100500,122350,122900,112900,107650,134950,87850,94100,131200.0,60650
2022-07-07,100500,122350,122900,112900,107650,134950,87850,94100,131200.0,60650
2022-07-08,100500,122350,122900,112900,107650,134950,87850,94100,131200.0,60650
2022-07-09,,,,,,,,,,
2022-07-10,,,,,,,,,,
2022-07-11,100500,122350,122900,112900,107650,134950,87850,94100,131200.0,60650
2022-07-12,100500,122350,122900,112900,107650,134950,87850,94100,131200.0,60650
2022-07-13,100500,124450,124900,115200,125250,141200,94500,100450,131200.0,60650
2022-07-14,100500,124450,124900,115200,125250,141200,94500,100450,131200.0,60650
2022-07-15,100500,124450,124900,115200,125250,141200,94500,100450,131200.0,60650
2022-07-16,,,,,,,,,,
2022-07-17,,,,,,,,,,
2022-07-18,100500,124450,124900,115200,125250,141200,94500,100450,131200.0,60650
2022-07-19,100500,124450,124900,115200,125250,141200,94500,100450,131200.0,60650
2022-07-20,100500,132200,124900,126100,132800,140950,98450,100950,137450.0,60550
2022-07-21,100500,132200,124900,126100,132800,140950,98450,100950,137450.0,60550
2022-07-22,100500,132200,124900,126100,132800,140950,98450,100950,137450.0,60550
2022-07-23,,,,,,,,,,
2022-07-24,,,,,,,,,,
2022-07-25,100500,132200,124900,126100,132800,140950,98450,100950,137450.0,60550
2022-07-26,100500,132200,124900,126100,132800,140950,98450,100950,137450.0,60550
2022-07-27,95500,118700,119100,124750,131050,141700,100950,100950,137450.0,60550
2022-07-28,95500,118700,119100,124750,131050,141700,100950,100950,137450.0,60550
2022-07-29,95500,118700,119100,124750,131050,141700,100950,100950,137450.0,60550
2022-07-30,,,,,,,,,,
2022-07-31,,,,,,,,,,
2022-08-01,95500,118700,119100,124750,131050,141700,100950,100950,137450.0,60550
2022-08-02,95500,118700,119100,124750,131050,141700,100950,100950,137450.0,60550
2022-08-03,114000,113450,114100,119750,126450,142450,96200,99600,137450.0,60550
2022-08-04,114000,113450,114100,119750,126450,142450,96200,99600,137450.0,60550
2022-08-05,114000,113450,114100,119750,126450,142450,96200,99600,137450.0,60550
2022-08-06,,,,,,,,,,
2022-08-07,,,,,,,,,,
2022-08-08,114000,113450,114100,119750,126450,142450,96200,99600,137450.0,60550
2022-08-09,114000,113450,114100,119750,126450,142450,96200,99600,137450.0,60550
2022-08-10,109000,113450,110750,117750,126450,140950,96950,99600,142750.0,60550
2022-08-11,109000,113450,110750,117750,126450,140950,96950,99600,142750.0,60550
2022-08-12,109000,113450,110750,117750,126450,140950,96950,99600,142750.0,60550
2022-08-13,,,,,,,,,,
2022-08-14,,,,,,,,,,
2022-08-15,109000,113450,110750,117750,126450,140950,96950,99600,142750.0,60550
2022-08-16,109000,113450,110750,117750,126450,140950,96950,99600,142750.0,60550
2022-08-17,,,,,,,,,,
2022-08-18,79000,110950,110750,117750,122000,132700,90200,94700,142950.0,64300
2022-08-19,79000,110950,110750,117750,122000,132700,90200,94700,142950.0,64300
2022-08-20,,,,,,,,,,
2022-08-21,,,,,,,,,,
2022-08-22,79000,110950,110750,117750,122000,132700,90200,94700,142950.0,64300
2022-08-23,79000,110950,110750,117750,122000,132700,90200,94700,142950.0,64300
2022-08-24,99000,110950,102500,101650,116550,132700,89900,94700,142950.0,71800
2022-08-25,99000,110950,102500,101650,116550,132700,89900,94700,142950.0,71800
2022-08-26,99000,110950,102500,101650,116550,132700,89900,94700,142950.0,71800
2022-08-27,,,,,,,,,,
2022-08-28,,,,,,,,,,
2022-08-29,99000,110950,102500,101650,116550,132700,89900,94700,142950.0,71800
2022-08-30,99000,110950,102500,101650,116550,132700,89900,94700,142950.0,71800
2022-08-31,99000,110950,102500,101650,116550,132700,89900,94700,142950.0,71800
2022-09-01,99000,110950,102500,101650,116550,132700,89900,94700,142950.0,71800
2022-09-02,99000,110950,102500,101650,116550,132700,89900,94700,142950.0,71800
2022-09-03,,,,,,,,,,
2022-09-04,,,,,,,,,,
2022-09-05,99000,110950,102500,101650,116550,132700,89900,94700,142950.0,71800
2022-09-06,99000,110950,102500,101650,116550,132700,89900,94700,142950.0,71800
2022-09-07,99000,103700,99700,102750,109450,122050,81700,91700,132950.0,71800
2022-09-08,99000,103700,99700,102750,109450,122050,81700,91700,132950.0,71800
2022-09-09,99000,103700,99700,102750,109450,122050,81700,91700,132950.0,71800
2022-09-10,,,,,,,,,,
2022-09-11,,,,,,,,,,
2022-09-12,99000,103700,99700,102750,109450,122050,81700,91700,132950.0,71800
2022-09-13,99000,103700,99700,102750,109450,122050,81700,91700,132950.0,71800
2022-09-14,99000,112950,114550,107600,108700,121550,81700,92850,139450.0,71150
2022-09-15,99000,112950,114550,107600,108700,121550,81700,92850,139450.0,71150
2022-09-16,99000,112950,114550,107600,108700,121550,81700,92850,139450.0,71150
2022-09-17,,,,,,,,,,
2022-09-18,,,,,,,,,,
2022-09-19,99000,112950,114550,107600,108700,121550,81700,92850,139450.0,71150
2022-09-20,99000,112950,114550,107600,108700,121550,81700,92850,139450.0,71150
2022-09-21,59000,115200,113200,107750,103750,126550,89050,90600,139450.0,70000
2022-09-22,59000,115200,113200,107750,103750,126550,89050,90600,139450.0,70000
2022-09-23,59000,115200,113200,107750,103750,126550,89050,90600,139450.0,70000
2022-09-24,,,,,,,,,,
2022-09-25,,,,,,,,,,
2022-09-26,59000,115200,113200,107750,103750,126550,89050,90600,139450.0,70000
2022-09-27,59000,115200,113200,107750,103750,126550,89050,90600,139450.0,70000
2022-09-28,59000,110450,101450,107650,103200,126550,87750,88550,139450.0,70000
2022-09-29,59000,110450,101450,107650,103200,126550,87750,88550,139450.0,70000
2022-09-30,59000,110450,101450,107650,103200,126550,87750,88550,139450.0,70000
2022-10-01,,,,,,,,,,
2022-10-02,,,,,,,,,,
2022-10-03,59000,110450,101450,107650,103200,126550,87750,88550,139450.0,70000
2022-10-04,59000,110450,101450,107650,103200,126550,87750,88550,139450.0,70000
2022-10-05,44000,105700,95050,97750,96200,126700,92950,88400,139450.0,70750
2022-10-06,44000,105700,95050,97750,96200,126700,92950,88400,139450.0,70750
2022-10-07,44000,105700,95050,97750,96200,126700,92950,88400,139450.0,70750
2022-10-08,,,,,,,,,,
2022-10-09,,,,,,,,,,
2022-10-10,44000,105700,95050,97750,96200,126700,92950,88400,139450.0,70750
2022-10-11,44000,105700,95050,97750,96200,126700,92950,88400,139450.0,70750
2022-10-12,53250,97100,97550,99150,94700,120700,82700,88400,139450.0,70750
2022-10-13,53250,97100,97550,99150,94700,120700,82700,88400,139450.0,70750
2022-10-14,53250,97100,97550,99150,94700,120700,82700,88400,139450.0,70750
2022-10-15,,,,,,,,,,
2022-10-16,,,,,,,,,,
2022-10-17,53250,97100,97550,99150,94700,120700,82700,88400,139450.0,70750
2022-10-18,53250,97100,97550,99150,94700,120700,82700,88400,139450.0,70750
2022-10-19,45750,84350,98300,96750,95850,121450,88200,88400,130200.0,70750
2022-10-20,45750,84350,98300,96750,95850,121450,88200,88400,130200.0,70750
2022-10-21,45750,84350,98300,96750,95850,121450,88200,88400,130200.0,70750
2022-10-22,,,,,,,,,,
2022-10-23,,,,,,,,,,
2022-10-24,45750,84350,98300,96750,95850,121450,88200,88400,130200.0,70750
2022-10-25,45750,84350,98300,96750,95850,121450,88200,88400,130200.0,70750
2022-10-26,44750,84350,95800,86450,86950,120700,79050,82350,130200.0,50300
2022-10-27,44750,84350,95800,86450,86950,120700,79050,82350,130200.0,50300
2022-10-28,44750,84350,95800,86450,86950,120700,79050,82350,130200.0,50300
2022-10-29,,,,,,,,,,
2022-10-30,,,,,,,,,,
2022-10-31,44750,84350,95800,86450,86950,120700,79050,82350,130200.0,50300
2022-11-01,44750,84350,95800,86450,86950,120700,79050,82350,130200.0,50300
2022-11-02,44750,84350,87200,86450,86950,98100,79550,82350,130200.0,50050
2022-11-03,44750,84350,87200,86450,86950,98100,79550,82350,130200.0,50050
2022-11-04,44750,84350,87200,86450,86950,98100,79550,82350,130200.0,50050
2022-11-05,,,,,,,,,,
2022-11-06,,,,,,,,,,
2022-11-07,44750,84350,87200,86450,86950,98100,79550,82350,130200.0,50050
2022-11-08,44750,84350,87200,86450,86950,98100,79550,82350,130200.0,50050
2022-11-09,40750,74600,83500,89500,82450,99350,84700,82350,130200.0,48550
2022-11-10,40750,74600,83500,89500,82450,99350,84700,82350,130200.0,48550
2022-11-11,40750,74600,83500,89500,82450,99350,84700,82350,130200.0,48550
2022-11-12,,,,,,,,,,
2022-11-13,,,,,,,,,,
2022-11-14,40750,74600,83500,89500,82450,99350,84700,82350,130200.0,48550
2022-11-15,40750,74600,83500,89500,82450,99350,84700,82350,130200.0,48550
2022-11-16,40750,74600,84000,80050,75450,96350,70600,77600,125150.0,50050
2022-11-17,40750,74600,84000,80050,75450,96350,70600,77600,125150.0,50050
2022-11-18,40750,74600,84000,80050,75450,96350,70600,77600,125150.0,50050
