index,Bandung,Makassar,DKI Jakarta,Medan,Surabaya,Pekanbaru,Batam,Palembang,Yogyakarta,Balikpapan
2020-01-01,,,,,,,,,,
2020-01-02,,,,,,,,,,
2020-01-03,,,,,,,,,,
2020-01-04,77800.0,47600.0,118200.0,33600.0,91900.0,95700.0,77900.0,69850.0,107700.0,83900.0
2020-01-05,,,,,,,,,,
2020-01-06,,,,,,,,,,
2020-01-07,42700.0,26100.0,65050.0,38450.0,40700.0,60400.0,68300.0,57950.0,53050.0,72050.0
2020-01-08,,,,,,,,,,
2020-01-09,45150.0,34950.0,54650.0,38000.0,44100.0,34100.0,74600.0,26500.0,44300.0,60650.0
2020-01-10,45950.0,40700.0,54550.0,44350.0,40850.0,36300.0,70650.0,57750.0,45300.0,66300.0
2020-01-11,,,,,,,,,,
2020-01-12,64000.0,54800.0,63400.0,45250.0,54950.0,51400.0,91250.0,66300.0,67550.0,66650.0
2020-01-13,77900.0,45500.0,72500.0,40500.0,87000.0,78200.0,111450.0,65600.0,86350.0,77600.0
2020-01-14,77900.0,45500.0,72500.0,40500.0,87000.0,78200.0,111450.0,65600.0,86350.0,77600.0
2020-01-15,86600.0,47250.0,75400.0,44300.0,87500.0,78200.0,111450.0,75300.0,85450.0,77600.0
2020-01-16,86600.0,47250.0,75400.0,44300.0,87500.0,78200.0,111450.0,75300.0,85450.0,77600.0
2020-01-17,86600.0,47250.0,75400.0,44300.0,87500.0,78200.0,111450.0,75300.0,85450.0,77600.0
2020-01-18,,,,,,,,,,
2020-01-19,,,,,,,,,,
2020-01-20,86600.0,47250.0,75400.0,44300.0,87500.0,78200.0,111450.0,75300.0,85450.0,77600.0
2020-01-21,86600.0,47250.0,75400.0,44300.0,87500.0,78200.0,111450.0,75300.0,85450.0,77600.0
2020-01-22,93500.0,47300.0,75400.0,44300.0,88700.0,56000.0,111450.0,73150.0,89650.0,77600.0
2020-01-23,93500.0,47300.0,75400.0,44300.0,88700.0,56000.0,111450.0,73150.0,89650.0,77600.0
2020-01-24,93500.0,47300.0,75400.0,44300.0,88700.0,56000.0,111450.0,73150.0,89650.0,77600.0
2020-01-25,,,,,,,,,,
2020-01-26,,,,,,,,,,
2020-01-27,93500.0,47300.0,75400.0,44300.0,88700.0,56000.0,111450.0,73150.0,89650.0,77600.0
2020-01-28,93500.0,47300.0,75400.0,44300.0,88700.0,56000.0,111450.0,73150.0,89650.0,77600.0
2020-01-29,93500.0,47300.0,75400.0,44300.0,88700.0,56000.0,111450.0,73150.0,89650.0,77600.0
2020-01-30,93500.0,47300.0,75400.0,44300.0,88700.0,56000.0,111450.0,73150.0,89650.0,77600.0
2020-01-31,93500.0,47300.0,75400.0,44300.0,88700.0,56000.0,111450.0,73150.0,89650.0,77600.0
2020-02-01,79200.0,43550.0,72900.0,39550.0,75800.0,45400.0,93550.0,65600.0,97450.0,77600.0
2020-02-02,,,,,,,,,,
2020-02-03,87350.0,55100.0,116950.0,45500.0,94650.0,89200.0,95450.0,72400.0,98800.0,82900.0
2020-02-04,77800.0,47600.0,118200.0,33600.0,91900.0,95700.0,77900.0,69850.0,107700.0,83900.0
2020-02-05,,,,,,,,,,
2020-02-06,71050.0,41500.0,69550.0,36050.0,46200.0,65650.0,73250.0,25500.0,51200.0,77550.0
2020-02-07,42700.0,26100.0,65050.0,38450.0,40700.0,60400.0,68300.0,28400.0,53050.0,72050.0
2020-02-08,,,,,,,,,,
2020-02-09,42600.0,37350.0,54650.0,38000.0,44100.0,34550.0,72700.0,54100.0,40550.0,60650.0
2020-02-10,45950.0,40700.0,54550.0,44350.0,40850.0,36300.0,70650.0,57750.0,45300.0,66300.0
2020-02-11,56150.0,49950.0,63400.0,44950.0,41200.0,41100.0,86650.0,40600.0,52300.0,64550.0
2020-02-12,62950.0,55950.0,64650.0,50550.0,56700.0,53900.0,89850.0,66500.0,67550.0,66650.0
2020-02-13,94750.0,53850.0,116950.0,45500.0,103650.0,50500.0,96700.0,72400.0,89650.0,82900.0
2020-02-14,94750.0,53850.0,116950.0,45500.0,103650.0,50500.0,96700.0,72400.0,89650.0,82900.0
2020-02-15,,,,,,,,,,
2020-02-16,,,,,,,,,,
2020-02-17,94750.0,53850.0,116950.0,45500.0,103650.0,50500.0,96700.0,72400.0,89650.0,82900.0
2020-02-18,94750.0,53850.0,116950.0,45500.0,103650.0,50500.0,96700.0,72400.0,89650.0,82900.0
2020-02-19,94100.0,55100.0,116950.0,45500.0,94650.0,89200.0,95200.0,72400.0,92600.0,82900.0
2020-02-20,94100.0,55100.0,116950.0,45500.0,94650.0,89200.0,95200.0,72400.0,92600.0,82900.0
2020-02-21,94100.0,55100.0,116950.0,45500.0,94650.0,89200.0,95200.0,72400.0,92600.0,82900.0
2020-02-22,,,,,,,,,,
2020-02-23,,,,,,,,,,
2020-02-24,94100.0,55100.0,116950.0,45500.0,94650.0,89200.0,95200.0,72400.0,92600.0,82900.0
2020-02-25,94100.0,55100.0,116950.0,45500.0,94650.0,89200.0,95200.0,72400.0,92600.0,82900.0
2020-02-26,87350.0,55100.0,116950.0,45500.0,94650.0,89200.0,95450.0,72400.0,98800.0,82900.0
2020-02-27,87350.0,55100.0,116950.0,45500.0,94650.0,89200.0,95450.0,72400.0,98800.0,82900.0
2020-02-28,87350.0,55100.0,116950.0,45500.0,94650.0,89200.0,95450.0,72400.0,98800.0,82900.0
2020-02-29,,,,,,,,,,
2020-03-01,79200.0,43550.0,72900.0,39550.0,75800.0,45400.0,93550.0,65600.0,97450.0,77600.0
2020-03-02,93500.0,47300.0,75400.0,44300.0,88700.0,56000.0,111450.0,73150.0,89650.0,77600.0
2020-03-03,87350.0,55100.0,116950.0,45500.0,94650.0,89200.0,95450.0,72400.0,98800.0,82900.0
2020-03-04,77800.0,47600.0,118200.0,33600.0,91900.0,95700.0,77900.0,69850.0,107700.0,83900.0
2020-03-05,,,,,,,,,,
2020-03-06,71050.0,37250.0,69550.0,36050.0,46200.0,65650.0,73850.0,58000.0,51200.0,77550.0
2020-03-07,42700.0,26100.0,65050.0,38450.0,40700.0,60400.0,68300.0,28400.0,53050.0,72050.0
2020-03-08,43050.0,23600.0,56900.0,39250.0,42450.0,60500.0,71550.0,28550.0,53050.0,71050.0
2020-03-09,42600.0,37350.0,54650.0,38000.0,44100.0,34550.0,72700.0,54100.0,40550.0,60650.0
2020-03-10,,,,,,,,,,
2020-03-11,56150.0,49950.0,63400.0,44950.0,41200.0,41100.0,86650.0,40600.0,52300.0,64550.0
2020-03-12,62950.0,55950.0,64650.0,50550.0,56700.0,53900.0,89850.0,66500.0,67550.0,66650.0
2020-03-13,87200.0,54600.0,123100.0,41200.0,94100.0,90200.0,90200.0,78600.0,102700.0,82900.0
2020-03-14,,,,,,,,,,
2020-03-15,,,,,,,,,,
2020-03-16,87200.0,54600.0,123100.0,41200.0,94100.0,90200.0,90200.0,78600.0,102700.0,82900.0
2020-03-17,87200.0,54600.0,123100.0,41200.0,94100.0,90200.0,90200.0,78600.0,102700.0,82900.0
2020-03-18,88050.0,48600.0,123100.0,39950.0,92900.0,90200.0,89650.0,78600.0,107700.0,82900.0
2020-03-19,88050.0,48600.0,123100.0,39950.0,92900.0,90200.0,89650.0,78600.0,107700.0,82900.0
2020-03-20,88050.0,48600.0,123100.0,39950.0,92900.0,90200.0,89650.0,78600.0,107700.0,82900.0
2020-03-21,,,,,,,,,,
2020-03-22,,,,,,,,,,
2020-03-23,88050.0,48600.0,123100.0,39950.0,92900.0,90200.0,89650.0,78600.0,107700.0,82900.0
2020-03-24,88050.0,48600.0,123100.0,39950.0,92900.0,90200.0,89650.0,78600.0,107700.0,82900.0
2020-03-25,,,,,,,,,,
2020-03-26,77800.0,47600.0,123100.0,34550.0,91900.0,95700.0,82800.0,78600.0,107700.0,82900.0
2020-03-27,77800.0,47600.0,123100.0,34550.0,91900.0,95700.0,82800.0,78600.0,107700.0,82900.0
2020-03-28,,,,,,,,,,
2020-03-29,,,,,,,,,,
2020-03-30,77800.0,47600.0,123100.0,34550.0,91900.0,95700.0,82800.0,78600.0,107700.0,82900.0
2020-03-31,77800.0,47600.0,123100.0,34550.0,91900.0,95700.0,82800.0,78600.0,107700.0,82900.0
2020-04-01,,,,,,,,,,
2020-04-02,93500.0,47300.0,75400.0,44300.0,88700.0,56000.0,111450.0,73150.0,89650.0,77600.0
2020-04-03,87350.0,55100.0,116950.0,45500.0,94150.0,85750.0,96050.0,78600.0,98800.0,82900.0
2020-04-04,,,,,,,,,,
2020-04-05,79300.0,46200.0,113250.0,33600.0,96250.0,66050.0,77900.0,77450.0,105700.0,78050.0
2020-04-06,71050.0,37250.0,69550.0,36050.0,46200.0,41400.0,73850.0,28500.0,51200.0,77550.0
2020-04-07,,,,,,,,,,
2020-04-08,43050.0,23600.0,56900.0,39250.0,42450.0,60500.0,71550.0,28550.0,53050.0,71050.0
2020-04-09,42600.0,37350.0,54650.0,38000.0,44100.0,34550.0,72700.0,54100.0,40550.0,60650.0
2020-04-10,,,,,,,,,,
2020-04-11,61550.0,52200.0,63400.0,41600.0,50450.0,51400.0,91300.0,65350.0,64050.0,64550.0
2020-04-12,62950.0,55950.0,64650.0,50550.0,56700.0,53900.0,89850.0,66500.0,67550.0,66650.0
2020-04-13,74900.0,46000.0,118200.0,33600.0,88750.0,95700.0,77900.0,69850.0,105700.0,78050.0
2020-04-14,74900.0,46000.0,118200.0,33600.0,88750.0,95700.0,77900.0,69850.0,105700.0,78050.0
2020-04-15,79300.0,46000.0,121950.0,33600.0,86400.0,98000.0,77900.0,68450.0,105700.0,78050.0
2020-04-16,79300.0,46000.0,121950.0,33600.0,86400.0,66050.0,77900.0,68450.0,105700.0,78050.0
2020-04-17,79300.0,46000.0,121950.0,33600.0,86400.0,66050.0,77900.0,68450.0,105700.0,78050.0
2020-04-18,,,,,,,,,,
2020-04-19,,,,,,,,,,
2020-04-20,79300.0,46000.0,121950.0,33600.0,86400.0,66050.0,77900.0,68450.0,105700.0,78050.0
2020-04-21,79300.0,46000.0,121950.0,33600.0,86400.0,66050.0,77900.0,68450.0,105700.0,78050.0
2020-04-22,79300.0,46200.0,113250.0,33600.0,96250.0,98000.0,77900.0,77450.0,105700.0,78050.0
2020-04-23,79300.0,46200.0,113250.0,33600.0,96250.0,66050.0,77900.0,77450.0,105700.0,78050.0
2020-04-24,79300.0,46200.0,113250.0,33600.0,96250.0,66050.0,77900.0,77450.0,105700.0,78050.0
2020-04-25,,,,,,,,,,
2020-04-26,,,,,,,,,,
2020-04-27,79300.0,46200.0,113250.0,33600.0,96250.0,66050.0,77900.0,77450.0,105700.0,78050.0
2020-04-28,79300.0,46200.0,113250.0,33600.0,96250.0,66050.0,77900.0,77450.0,105700.0,78050.0
2020-04-29,79300.0,46200.0,113250.0,33600.0,96250.0,98000.0,77900.0,77450.0,105700.0,78050.0
2020-04-30,79300.0,46200.0,113250.0,33600.0,96250.0,66050.0,77900.0,77450.0,105700.0,78050.0
2020-05-01,,,,,,,,,,
2020-05-02,90800.0,42800.0,109550.0,45500.0,91750.0,56000.0,98950.0,77200.0,89650.0,82900.0
2020-05-03,87350.0,55100.0,116950.0,45500.0,94150.0,85750.0,96050.0,78600.0,98800.0,82900.0
2020-05-04,,,,,,,,,,
2020-05-05,79300.0,46200.0,113250.0,33600.0,96250.0,66050.0,77900.0,77450.0,105700.0,78050.0
2020-05-06,71050.0,37250.0,69550.0,36050.0,46200.0,41400.0,73850.0,28500.0,51200.0,77550.0
2020-05-07,,,,,,,,,,
2020-05-08,47200.0,36750.0,49050.0,43350.0,42450.0,60500.0,72300.0,56950.0,49650.0,71050.0
2020-05-09,,,,,,,,,,
2020-05-10,45950.0,40700.0,54550.0,44350.0,40850.0,36300.0,70650.0,57750.0,45300.0,66300.0
2020-05-11,61550.0,52200.0,63400.0,41600.0,50450.0,51400.0,91300.0,65350.0,64050.0,64550.0
2020-05-12,,,,,,,,,,
2020-05-13,71050.0,43250.0,109150.0,34750.0,55700.0,65050.0,77550.0,62500.0,101050.0,77550.0
2020-05-14,71050.0,43250.0,109150.0,34750.0,55700.0,65050.0,77550.0,62500.0,101050.0,77550.0
2020-05-15,71050.0,43250.0,109150.0,34750.0,55700.0,65050.0,77550.0,62500.0,101050.0,77550.0
2020-05-16,,,,,,,,,,
2020-05-17,,,,,,,,,,
2020-05-18,71050.0,43250.0,109150.0,34750.0,55700.0,65050.0,77550.0,62500.0,101050.0,77550.0
2020-05-19,71050.0,43250.0,109150.0,34750.0,55700.0,65050.0,77550.0,62500.0,101050.0,77550.0
2020-05-20,71050.0,42350.0,81900.0,34750.0,54450.0,66400.0,77550.0,62500.0,55550.0,77550.0
2020-05-21,,,,,,,,,,
2020-05-22,,,,,,,,,,
2020-05-23,,,,,,,,,,
2020-05-24,,,,,,,,,,
2020-05-25,,,,,,,,,,
2020-05-26,,,,,,,,,,
2020-05-27,,,,,,,,,,
2020-05-28,71050.0,41500.0,69550.0,36050.0,46200.0,65650.0,73250.0,25500.0,51200.0,77550.0
2020-05-29,71050.0,41500.0,69550.0,36050.0,46200.0,65650.0,73250.0,25500.0,51200.0,77550.0
2020-05-30,,,,,,,,,,
2020-05-31,,,,,,,,,,
2020-06-01,79200.0,43550.0,72900.0,39550.0,75800.0,45400.0,93550.0,65600.0,97450.0,77600.0
2020-06-02,90800.0,42800.0,109550.0,45500.0,91750.0,56000.0,98950.0,77200.0,89650.0,82900.0
2020-06-03,87350.0,55100.0,116950.0,45500.0,94150.0,85750.0,96050.0,78600.0,98800.0,82900.0
2020-06-04,77800.0,47600.0,118200.0,33600.0,91900.0,95700.0,77900.0,69850.0,107700.0,83900.0
2020-06-05,73900.0,45350.0,109150.0,36300.0,59850.0,90650.0,81600.0,74200.0,101050.0,78050.0
2020-06-06,,,,,,,,,,
2020-06-07,42700.0,26100.0,65050.0,38450.0,40700.0,60400.0,68300.0,28400.0,53050.0,72050.0
2020-06-08,47200.0,36750.0,49050.0,43350.0,42450.0,60500.0,72300.0,26350.0,49650.0,71050.0
2020-06-09,,,,,,,,,,
2020-06-10,45950.0,40700.0,54550.0,44350.0,40850.0,36300.0,70650.0,57750.0,45300.0,66300.0
2020-06-11,61550.0,52200.0,63400.0,41600.0,50450.0,51400.0,91300.0,65350.0,64050.0,64550.0
2020-06-12,,,,,,,,,,
2020-06-13,,,,,,,,,,
2020-06-14,,,,,,,,,,
2020-06-15,58300.0,28850.0,69550.0,33400.0,46200.0,42900.0,70950.0,28500.0,50450.0,77550.0
2020-06-16,58300.0,28850.0,69550.0,33400.0,46200.0,42900.0,70950.0,28500.0,50450.0,77550.0
2020-06-17,56900.0,29050.0,69550.0,33400.0,43600.0,64900.0,70550.0,56400.0,56000.0,72050.0
2020-06-18,56900.0,29050.0,69550.0,33400.0,43600.0,64900.0,70550.0,25250.0,56000.0,72050.0
2020-06-19,56900.0,29050.0,69550.0,33400.0,43600.0,64900.0,70550.0,25250.0,56000.0,72050.0
2020-06-20,,,,,,,,,,
2020-06-21,,,,,,,,,,
2020-06-22,56900.0,29050.0,69550.0,33400.0,43600.0,64900.0,70550.0,25250.0,56000.0,72050.0
2020-06-23,56900.0,29050.0,69550.0,33400.0,43600.0,64900.0,70550.0,25250.0,56000.0,72050.0
2020-06-24,55900.0,26100.0,69550.0,38450.0,42200.0,64900.0,68300.0,57950.0,51700.0,72050.0
2020-06-25,55900.0,26100.0,69550.0,38450.0,42200.0,64900.0,68300.0,28400.0,51700.0,72050.0
2020-06-26,55900.0,26100.0,69550.0,38450.0,42200.0,64900.0,68300.0,28400.0,51700.0,72050.0
2020-06-27,,,,,,,,,,
2020-06-28,,,,,,,,,,
2020-06-29,55900.0,26100.0,69550.0,38450.0,42200.0,64900.0,68300.0,28400.0,51700.0,72050.0
2020-06-30,55900.0,26100.0,69550.0,38450.0,42200.0,64900.0,68300.0,28400.0,51700.0,72050.0
2020-07-01,79200.0,43550.0,72900.0,39550.0,75800.0,45400.0,93550.0,65600.0,97450.0,77600.0
2020-07-02,90800.0,42800.0,109550.0,45500.0,91750.0,56000.0,98950.0,77200.0,89650.0,82900.0
2020-07-03,,,,,,,,,,
2020-07-04,77800.0,47600.0,118200.0,33600.0,91900.0,95700.0,77900.0,69850.0,107700.0,83900.0
2020-07-05,,,,,,,,,,
2020-07-06,,,,,,,,,,
2020-07-07,42700.0,26100.0,65050.0,38450.0,40700.0,60400.0,68300.0,28400.0,53050.0,72050.0
2020-07-08,47200.0,36750.0,49050.0,43350.0,42450.0,60500.0,72300.0,26350.0,49650.0,71050.0
2020-07-09,42600.0,37350.0,54650.0,38000.0,44100.0,34550.0,72700.0,54100.0,40550.0,60650.0
2020-07-10,48200.0,41700.0,50650.0,44350.0,40100.0,41100.0,72050.0,57750.0,45300.0,64550.0
2020-07-11,,,,,,,,,,
2020-07-12,62950.0,55950.0,64650.0,50550.0,56700.0,53900.0,89850.0,66500.0,67550.0,66650.0
2020-07-13,43300.0,26500.0,59300.0,38450.0,42200.0,60400.0,69050.0,28400.0,53050.0,71050.0
2020-07-14,43300.0,26500.0,59300.0,38450.0,42200.0,60400.0,69050.0,28400.0,53050.0,71050.0
2020-07-15,42550.0,26600.0,58150.0,39250.0,43700.0,59650.0,70200.0,56550.0,53050.0,71050.0
2020-07-16,42550.0,26600.0,58150.0,39250.0,43700.0,59650.0,70200.0,25600.0,53050.0,71050.0
2020-07-17,42550.0,26600.0,58150.0,39250.0,43700.0,59650.0,70200.0,25600.0,53050.0,71050.0
2020-07-18,,,,,,,,,,
2020-07-19,,,,,,,,,,
2020-07-20,42550.0,26600.0,58150.0,39250.0,43700.0,59650.0,70200.0,25600.0,53050.0,71050.0
2020-07-21,42550.0,26600.0,58150.0,39250.0,43700.0,59650.0,70200.0,25600.0,53050.0,71050.0
2020-07-22,43050.0,23600.0,56900.0,39250.0,42450.0,60500.0,71550.0,58050.0,53050.0,71050.0
2020-07-23,43050.0,23600.0,56900.0,39250.0,42450.0,60500.0,71550.0,28550.0,53050.0,71050.0
2020-07-24,43050.0,23600.0,56900.0,39250.0,42450.0,60500.0,71550.0,28550.0,53050.0,71050.0
2020-07-25,,,,,,,,,,
2020-07-26,,,,,,,,,,
2020-07-27,43050.0,23600.0,56900.0,39250.0,42450.0,60500.0,71550.0,28550.0,53050.0,71050.0
2020-07-28,43050.0,23600.0,56900.0,39250.0,42450.0,60500.0,71550.0,28550.0,53050.0,71050.0
2020-07-29,43050.0,23600.0,56900.0,39250.0,42450.0,60500.0,71550.0,58050.0,53050.0,71050.0
2020-07-30,43050.0,23600.0,56900.0,39250.0,42450.0,60500.0,71550.0,28550.0,53050.0,71050.0
2020-07-31,,,,,,,,,,
2020-08-01,77900.0,45500.0,72500.0,40500.0,87000.0,78200.0,111450.0,65600.0,86350.0,77600.0
2020-08-02,,,,,,,,,,
2020-08-03,,,,,,,,,,
2020-08-04,74900.0,46000.0,118200.0,33600.0,88750.0,95700.0,77900.0,69850.0,105700.0,78050.0
2020-08-05,73900.0,45350.0,109150.0,36300.0,59850.0,51400.0,81600.0,74200.0,101050.0,78050.0
2020-08-06,71050.0,37250.0,69550.0,36050.0,46200.0,41400.0,73850.0,28500.0,51200.0,77550.0
2020-08-07,43300.0,26500.0,59300.0,38450.0,42200.0,60400.0,69050.0,57950.0,53050.0,71050.0
2020-08-08,,,,,,,,,,
2020-08-09,42600.0,37350.0,54650.0,38000.0,44100.0,34550.0,72700.0,54100.0,40550.0,60650.0
2020-08-10,48200.0,41700.0,50650.0,44350.0,40100.0,41100.0,72050.0,57750.0,45300.0,64550.0
2020-08-11,,,,,,,,,,
2020-08-12,62950.0,55950.0,64650.0,50550.0,56700.0,53900.0,89850.0,66500.0,67550.0,66650.0
2020-08-13,46100.0,36750.0,50050.0,43350.0,43100.0,60500.0,75900.0,26300.0,49650.0,62900.0
2020-08-14,46100.0,36750.0,50050.0,43350.0,43100.0,60500.0,75900.0,26300.0,49650.0,62900.0
2020-08-15,,,,,,,,,,
2020-08-16,,,,,,,,,,
2020-08-17,,,,,,,,,,
2020-08-18,46100.0,36750.0,50050.0,43350.0,43100.0,60500.0,75900.0,26300.0,49650.0,62900.0
2020-08-19,46100.0,36450.0,54650.0,44000.0,44100.0,60500.0,75900.0,57000.0,49650.0,60650.0
2020-08-20,,,,,,,,,,
2020-08-21,,,,,,,,,,
2020-08-22,,,,,,,,,,
2020-08-23,,,,,,,,,,
2020-08-24,46100.0,36450.0,54650.0,44000.0,44100.0,34100.0,75900.0,26500.0,49650.0,60650.0
2020-08-25,46100.0,36450.0,54650.0,44000.0,44100.0,34100.0,75900.0,26500.0,49650.0,60650.0
2020-08-26,45150.0,34950.0,54650.0,38000.0,44100.0,60500.0,74600.0,57000.0,44300.0,60650.0
2020-08-27,45150.0,34950.0,54650.0,38000.0,44100.0,34100.0,74600.0,26500.0,44300.0,60650.0
2020-08-28,45150.0,34950.0,54650.0,38000.0,44100.0,34100.0,74600.0,26500.0,44300.0,60650.0
2020-08-29,,,,,,,,,,
2020-08-30,,,,,,,,,,
2020-08-31,45150.0,34950.0,54650.0,38000.0,44100.0,34100.0,74600.0,26500.0,44300.0,60650.0
2020-09-01,77900.0,45500.0,72500.0,40500.0,87000.0,78200.0,111450.0,65600.0,86350.0,77600.0
2020-09-02,,,,,,,,,,
2020-09-03,87350.0,55100.0,116950.0,45500.0,94150.0,85750.0,96050.0,78600.0,98800.0,82900.0
2020-09-04,74900.0,46000.0,118200.0,33600.0,88750.0,95700.0,77900.0,69850.0,105700.0,78050.0
2020-09-05,,,,,,,,,,
2020-09-06,71050.0,37250.0,69550.0,36050.0,46200.0,41400.0,73850.0,28500.0,51200.0,77550.0
2020-09-07,43300.0,26500.0,59300.0,38450.0,42200.0,60400.0,69050.0,28400.0,53050.0,71050.0
2020-09-08,,,,,,,,,,
2020-09-09,42950.0,37300.0,56550.0,44350.0,39250.0,34550.0,71500.0,53950.0,42050.0,60650.0
2020-09-10,48200.0,41700.0,50650.0,44350.0,40100.0,41100.0,72050.0,57750.0,45300.0,64550.0
2020-09-11,61550.0,52200.0,63400.0,41600.0,50450.0,51400.0,91300.0,65350.0,64050.0,64550.0
2020-09-12,,,,,,,,,,
2020-09-13,,,,,,,,,,
2020-09-14,42950.0,37300.0,56550.0,44350.0,39250.0,34550.0,71500.0,53950.0,42050.0,60650.0
2020-09-15,42950.0,37300.0,56550.0,44350.0,39250.0,34550.0,71500.0,53950.0,42050.0,60650.0
2020-09-16,46950.0,37300.0,54550.0,44350.0,40500.0,34050.0,71050.0,54000.0,44050.0,66300.0
2020-09-17,46950.0,37300.0,54550.0,44350.0,40500.0,33100.0,71050.0,54000.0,44050.0,66300.0
2020-09-18,46950.0,37300.0,54550.0,44350.0,40500.0,33100.0,71050.0,54000.0,44050.0,66300.0
2020-09-19,,,,,,,,,,
2020-09-20,,,,,,,,,,
2020-09-21,46950.0,37300.0,54550.0,44350.0,40500.0,33100.0,71050.0,54000.0,44050.0,66300.0
2020-09-22,46950.0,37300.0,54550.0,44350.0,40500.0,33100.0,71050.0,54000.0,44050.0,66300.0
2020-09-23,45950.0,40700.0,54550.0,44350.0,40850.0,35650.0,70650.0,57750.0,45300.0,66300.0
2020-09-24,45950.0,40700.0,54550.0,44350.0,40850.0,36300.0,70650.0,57750.0,45300.0,66300.0
2020-09-25,45950.0,40700.0,54550.0,44350.0,40850.0,36300.0,70650.0,57750.0,45300.0,66300.0
2020-09-26,,,,,,,,,,
2020-09-27,,,,,,,,,,
2020-09-28,45950.0,40700.0,54550.0,44350.0,40850.0,36300.0,70650.0,57750.0,45300.0,66300.0
2020-09-29,45950.0,40700.0,54550.0,44350.0,40850.0,36300.0,70650.0,57750.0,45300.0,66300.0
2020-09-30,45950.0,40700.0,54550.0,44350.0,40850.0,35650.0,70650.0,57750.0,45300.0,66300.0
2020-10-01,77900.0,45500.0,72500.0,40500.0,87000.0,78200.0,111450.0,65600.0,86350.0,77600.0
2020-10-02,90800.0,42800.0,109550.0,45500.0,91750.0,56000.0,98950.0,77200.0,89650.0,82900.0
2020-10-03,87350.0,55100.0,116950.0,45500.0,94150.0,85750.0,96050.0,78600.0,98800.0,82900.0
2020-10-04,,,,,,,,,,
2020-10-05,,,,,,,,,,
2020-10-06,58300.0,28850.0,69550.0,33400.0,46200.0,66400.0,70950.0,58000.0,50450.0,77550.0
2020-10-07,43300.0,26500.0,59300.0,38450.0,42200.0,60400.0,69050.0,28400.0,53050.0,71050.0
2020-10-08,47200.0,36750.0,49050.0,43350.0,42450.0,60500.0,72300.0,26350.0,49650.0,71050.0
2020-10-09,42950.0,37300.0,56550.0,44350.0,39250.0,34550.0,71500.0,53950.0,42050.0,60650.0
2020-10-10,,,,,,,,,,
2020-10-11,61550.0,52200.0,63400.0,41600.0,50450.0,51400.0,91300.0,65350.0,64050.0,64550.0
2020-10-12,70250.0,55950.0,66900.0,50550.0,57450.0,53900.0,93450.0,62900.0,67550.0,66650.0
2020-10-13,48200.0,41700.0,50650.0,44350.0,40100.0,41100.0,72050.0,57750.0,45300.0,64550.0
2020-10-14,47200.0,50450.0,56400.0,57800.0,41500.0,41100.0,80400.0,59050.0,44450.0,64550.0
2020-10-15,47200.0,50450.0,56400.0,57800.0,41500.0,41100.0,80400.0,59050.0,44450.0,64550.0
2020-10-16,47200.0,50450.0,56400.0,57800.0,41500.0,41100.0,80400.0,59050.0,44450.0,64550.0
2020-10-17,,,,,,,,,,
2020-10-18,,,,,,,,,,
2020-10-19,47200.0,50450.0,56400.0,57800.0,41500.0,41100.0,80400.0,59050.0,44450.0,64550.0
2020-10-20,47200.0,50450.0,56400.0,57800.0,41500.0,41100.0,80400.0,59050.0,44450.0,64550.0
2020-10-21,53300.0,50700.0,61400.0,52150.0,41500.0,41100.0,83150.0,63100.0,50950.0,64550.0
2020-10-22,53300.0,50700.0,61400.0,52150.0,41500.0,41100.0,83150.0,63100.0,50950.0,64550.0
2020-10-23,53300.0,50700.0,61400.0,52150.0,41500.0,41100.0,83150.0,63100.0,50950.0,64550.0
2020-10-24,,,,,,,,,,
2020-10-25,,,,,,,,,,
2020-10-26,53300.0,50700.0,61400.0,52150.0,41500.0,41100.0,83150.0,63100.0,50950.0,64550.0
2020-10-27,53300.0,50700.0,61400.0,52150.0,41500.0,41100.0,83150.0,63100.0,50950.0,64550.0
2020-10-28,,,,,,,,,,
2020-10-29,,,,,,,,,,
2020-10-30,,,,,,,,,,
2020-10-31,,,,,,,,,,
2020-11-01,,,,,,,,,,
2020-11-02,90800.0,42800.0,109550.0,45500.0,91750.0,56000.0,98950.0,77200.0,89650.0,82900.0
2020-11-03,87200.0,54600.0,123100.0,41200.0,94100.0,90200.0,90200.0,78600.0,102700.0,82900.0
2020-11-04,,,,,,,,,,
2020-11-05,73900.0,45350.0,109150.0,36300.0,59850.0,51400.0,81600.0,74200.0,101050.0,78050.0
2020-11-06,58300.0,28850.0,69550.0,33400.0,46200.0,42900.0,70950.0,28500.0,50450.0,77550.0
2020-11-07,,,,,,,,,,
2020-11-08,47200.0,36750.0,49050.0,43350.0,42450.0,60500.0,72300.0,26350.0,49650.0,71050.0
2020-11-09,42950.0,37300.0,56550.0,44350.0,39250.0,34550.0,71500.0,53950.0,42050.0,60650.0
2020-11-10,,,,,,,,,,
2020-11-11,64250.0,51800.0,61900.0,45250.0,50450.0,51400.0,91300.0,65350.0,67550.0,66650.0
2020-11-12,70250.0,55950.0,66900.0,50550.0,57450.0,53900.0,93450.0,62900.0,67550.0,66650.0
2020-11-13,64250.0,51800.0,61900.0,45250.0,50450.0,51400.0,91300.0,65350.0,67550.0,66650.0
2020-11-14,,,,,,,,,,
2020-11-15,,,,,,,,,,
2020-11-16,64250.0,51800.0,61900.0,45250.0,50450.0,51400.0,91300.0,65350.0,67550.0,66650.0
2020-11-17,64250.0,51800.0,61900.0,45250.0,50450.0,51400.0,91300.0,65350.0,67550.0,66650.0
2020-11-18,60900.0,51050.0,61900.0,45250.0,55700.0,51400.0,87650.0,66300.0,67550.0,66650.0
2020-11-19,60900.0,51050.0,61900.0,45250.0,55700.0,51400.0,87650.0,66300.0,67550.0,66650.0
2020-11-20,60900.0,51050.0,61900.0,45250.0,55700.0,51400.0,87650.0,66300.0,67550.0,66650.0
2020-11-21,,,,,,,,,,
2020-11-22,,,,,,,,,,
2020-11-23,60900.0,51050.0,61900.0,45250.0,55700.0,51400.0,87650.0,66300.0,67550.0,66650.0
2020-11-24,60900.0,51050.0,61900.0,45250.0,55700.0,51400.0,87650.0,66300.0,67550.0,66650.0
2020-11-25,64000.0,54800.0,63400.0,45250.0,54950.0,51400.0,91250.0,66300.0,67550.0,66650.0
2020-11-26,64000.0,54800.0,63400.0,45250.0,54950.0,51400.0,91250.0,66300.0,67550.0,66650.0
2020-11-27,64000.0,54800.0,63400.0,45250.0,54950.0,51400.0,91250.0,66300.0,67550.0,66650.0
2020-11-28,,,,,,,,,,
2020-11-29,,,,,,,,,,
2020-11-30,64000.0,54800.0,63400.0,45250.0,54950.0,51400.0,91250.0,66300.0,67550.0,66650.0
2020-12-01,,,,,,,,,,
2020-12-02,94750.0,53850.0,116950.0,45500.0,103650.0,50500.0,96700.0,72400.0,89650.0,82900.0
2020-12-03,87200.0,54600.0,123100.0,41200.0,94100.0,90200.0,90200.0,78600.0,102700.0,82900.0
2020-12-04,,,,,,,,,,
2020-12-05,73900.0,45350.0,109150.0,36300.0,59850.0,51400.0,81600.0,74200.0,101050.0,78050.0
2020-12-06,58300.0,28850.0,69550.0,33400.0,46200.0,42900.0,70950.0,28500.0,50450.0,77550.0
2020-12-07,,,,,,,,,,
2020-12-08,46100.0,36750.0,50050.0,43350.0,43100.0,60500.0,75900.0,56900.0,49650.0,62900.0
2020-12-09,,,,,,,,,,
2020-12-10,48200.0,41700.0,50650.0,44350.0,40100.0,41100.0,72050.0,57750.0,45300.0,64550.0
2020-12-11,64250.0,51800.0,61900.0,45250.0,50450.0,51400.0,91300.0,65350.0,67550.0,66650.0
2020-12-12,,,,,,,,,,
2020-12-13,,,,,,,,,,
2020-12-14,70250.0,55950.0,66900.0,50550.0,57450.0,53900.0,93450.0,62900.0,67550.0,66650.0
2020-12-15,70250.0,55950.0,66900.0,50550.0,57450.0,53900.0,93450.0,62900.0,67550.0,66650.0
2020-12-16,74050.0,55300.0,76050.0,46300.0,69700.0,53900.0,93800.0,75950.0,71550.0,66650.0
2020-12-17,74050.0,55300.0,76050.0,46300.0,69700.0,53900.0,93800.0,75950.0,71550.0,66650.0
2020-12-18,74050.0,55300.0,76050.0,46300.0,69700.0,53900.0,93800.0,75950.0,71550.0,66650.0
2020-12-19,,,,,,,,,,
2020-12-20,,,,,,,,,,
2020-12-21,74050.0,55300.0,76050.0,46300.0,69700.0,53900.0,93800.0,75950.0,71550.0,66650.0
2020-12-22,74050.0,55300.0,76050.0,46300.0,69700.0,53900.0,93800.0,75950.0,71550.0,66650.0
2020-12-23,72950.0,53300.0,76050.0,63750.0,67200.0,53900.0,102100.0,75950.0,81300.0,66650.0
2020-12-24,,,,,,,,,,
2020-12-25,,,,,,,,,,
2020-12-26,,,,,,,,,,
2020-12-27,,,,,,,,,,
2020-12-28,72950.0,53300.0,76050.0,63750.0,67200.0,53900.0,102100.0,75950.0,81300.0,66650.0
2020-12-29,72950.0,53300.0,76050.0,63750.0,67200.0,53900.0,102100.0,75950.0,81300.0,66650.0
2020-12-30,72950.0,53300.0,76050.0,63750.0,67200.0,53900.0,102100.0,75950.0,81300.0,77400.0
2020-12-31,,,,,,,,,,
2021-01-01,,,,,,,,,,
2021-01-02,83650.0,52400.0,104200.0,67200.0,80700.0,83900.0,108150.0,86550.0,99500.0,76900.0
2021-01-03,87300.0,50350.0,104200.0,57950.0,90950.0,89900.0,87100.0,84550.0,89500.0,74900.0
2021-01-04,79600.0,55300.0,91700.0,57950.0,92000.0,89900.0,87200.0,83950.0,86900.0,79900.0
2021-01-05,,,,,,,,,,
2021-01-06,,,,,,,,,,
2021-01-07,55200.0,57200.0,63900.0,31750.0,78700.0,58900.0,69650.0,68600.0,65450.0,76150.0
2021-01-08,,,,,,,,,,
2021-01-09,45500.0,44250.0,45450.0,39500.0,49200.0,54750.0,75650.0,60150.0,54150.0,76150.0
2021-01-10,38900.0,30150.0,41100.0,33500.0,45700.0,63950.0,71700.0,50200.0,40600.0,74400.0
2021-01-11,43600.0,26400.0,46900.0,44000.0,45200.0,68050.0,80200.0,55450.0,42100.0,67650.0
2021-01-12,55750.0,26900.0,62900.0,42500.0,48300.0,83950.0,90300.0,64050.0,53100.0,83900.0
2021-01-13,85950.0,55200.0,104200.0,58400.0,80550.0,83900.0,115250.0,88800.0,102000.0,72650.0
2021-01-14,85950.0,55200.0,104200.0,58400.0,80550.0,83900.0,115250.0,88800.0,102000.0,72650.0
2021-01-15,85950.0,55200.0,104200.0,58400.0,80550.0,83900.0,115250.0,88800.0,102000.0,72650.0
2021-01-16,,,,,,,,,,
2021-01-17,,,,,,,,,,
2021-01-18,85950.0,55200.0,104200.0,58400.0,80550.0,83900.0,115250.0,88800.0,102000.0,72650.0
2021-01-19,85950.0,55200.0,104200.0,58400.0,80550.0,83900.0,115250.0,88800.0,102000.0,72650.0
2021-01-20,83650.0,53350.0,104200.0,67200.0,83300.0,83900.0,111350.0,86550.0,102000.0,72650.0
2021-01-21,83650.0,53350.0,104200.0,67200.0,83300.0,83900.0,111350.0,86550.0,102000.0,72650.0
2021-01-22,83650.0,53350.0,104200.0,67200.0,83300.0,83900.0,111350.0,86550.0,102000.0,72650.0
2021-01-23,,,,,,,,,,
2021-01-24,,,,,,,,,,
2021-01-25,83650.0,53350.0,104200.0,67200.0,83300.0,83900.0,111350.0,86550.0,102000.0,72650.0
2021-01-26,83650.0,53350.0,104200.0,67200.0,83300.0,83900.0,111350.0,86550.0,102000.0,72650.0
2021-01-27,83650.0,52400.0,104200.0,67200.0,80700.0,83900.0,108150.0,86550.0,99500.0,76900.0
2021-01-28,83650.0,52400.0,104200.0,67200.0,80700.0,83900.0,108150.0,86550.0,99500.0,76900.0
2021-01-29,83650.0,52400.0,104200.0,67200.0,80700.0,83900.0,108150.0,86550.0,99500.0,76900.0
2021-01-30,,,,,,,,,,
2021-01-31,,,,,,,,,,
2021-02-01,,,,,,,,,,
2021-02-02,83650.0,52400.0,104200.0,67200.0,80700.0,83900.0,108150.0,86550.0,99500.0,76900.0
2021-02-03,87300.0,50350.0,104200.0,57950.0,90950.0,89900.0,87100.0,84550.0,89500.0,74900.0
2021-02-04,,,,,,,,,,
2021-02-05,,,,,,,,,,
2021-02-06,72850.0,60700.0,78050.0,35500.0,78700.0,89900.0,82500.0,68600.0,75200.0,80550.0
2021-02-07,55200.0,57200.0,63900.0,31750.0,78700.0,58900.0,69650.0,68600.0,65450.0,76150.0
2021-02-08,53850.0,57600.0,50700.0,43400.0,73800.0,64900.0,93800.0,62250.0,61200.0,76150.0
2021-02-09,45500.0,44250.0,45450.0,39500.0,49200.0,54750.0,75650.0,60150.0,54150.0,76150.0
2021-02-10,,,,,,,,,,
2021-02-11,47650.0,24900.0,54600.0,49600.0,45200.0,68050.0,83600.0,55450.0,42100.0,67650.0
2021-02-12,55750.0,26900.0,62900.0,42500.0,48300.0,83950.0,90300.0,64050.0,53100.0,83900.0
2021-02-13,,,,,,,,,,
2021-02-14,,,,,,,,,,
2021-02-15,82600.0,50950.0,104200.0,65700.0,90950.0,89900.0,96700.0,84550.0,94500.0,76900.0
2021-02-16,82600.0,50950.0,104200.0,65700.0,90950.0,89900.0,96700.0,84550.0,94500.0,76900.0
2021-02-17,83100.0,49450.0,104200.0,57950.0,90950.0,89900.0,92100.0,84550.0,94500.0,76900.0
2021-02-18,83100.0,49450.0,104200.0,57950.0,90950.0,89900.0,92100.0,84550.0,94500.0,76900.0
2021-02-19,83100.0,49450.0,104200.0,57950.0,90950.0,89900.0,92100.0,84550.0,94500.0,76900.0
2021-02-20,,,,,,,,,,
2021-02-21,,,,,,,,,,
2021-02-22,83100.0,49450.0,104200.0,57950.0,90950.0,89900.0,92100.0,84550.0,94500.0,76900.0
2021-02-23,83100.0,49450.0,104200.0,57950.0,90950.0,89900.0,92100.0,84550.0,94500.0,76900.0
2021-02-24,87300.0,50350.0,104200.0,57950.0,90950.0,89900.0,87100.0,84550.0,89500.0,76900.0
2021-02-25,87300.0,50350.0,104200.0,57950.0,90950.0,89900.0,87100.0,84550.0,89500.0,74900.0
2021-02-26,87300.0,50350.0,104200.0,57950.0,90950.0,89900.0,87100.0,84550.0,89500.0,74900.0
2021-02-27,,,,,,,,,,
2021-02-28,,,,,,,,,,
2021-03-01,,,,,,,,,,
2021-03-02,78200.0,52000.0,104200.0,67200.0,90700.0,98900.0,100550.0,88800.0,99500.0,76900.0
2021-03-03,83850.0,51250.0,91700.0,57950.0,91950.0,89900.0,83200.0,83950.0,92000.0,76900.0
2021-03-04,,,,,,,,,,
2021-03-05,84450.0,59950.0,109750.0,46400.0,94750.0,89900.0,87050.0,84650.0,88550.0,80550.0
2021-03-06,72850.0,60700.0,78050.0,35500.0,78700.0,89900.0,82500.0,68600.0,75200.0,80550.0
2021-03-07,,,,,,,,,,
2021-03-08,53850.0,57600.0,50700.0,43400.0,73800.0,64900.0,93800.0,62250.0,61200.0,76150.0
2021-03-09,45500.0,44250.0,45450.0,39500.0,49200.0,54750.0,75650.0,60150.0,54150.0,76150.0
2021-03-10,,,,,,,,,,
2021-03-11,48400.0,24900.0,51200.0,49600.0,45200.0,72050.0,87400.0,55450.0,45800.0,67650.0
2021-03-12,,,,49600.0,,68050.0,,55450.0,,83900.0
2021-03-13,,,,,,,,,,
2021-03-14,,,,,,,,,,
2021-03-15,83950.0,55200.0,91700.0,57950.0,91950.0,89900.0,88200.0,83950.0,92000.0,76900.0
2021-03-16,83950.0,55200.0,91700.0,57950.0,91950.0,89900.0,88200.0,83950.0,92000.0,76900.0
2021-03-17,82700.0,56050.0,91700.0,57950.0,91950.0,89900.0,88800.0,83950.0,92000.0,76900.0
2021-03-18,82700.0,56050.0,91700.0,57950.0,91950.0,89900.0,88800.0,83950.0,92000.0,76900.0
2021-03-19,82700.0,56050.0,91700.0,57950.0,91950.0,89900.0,88800.0,83950.0,92000.0,76900.0
2021-03-20,,,,,,,,,,
2021-03-21,,,,,,,,,,
2021-03-22,82700.0,56050.0,91700.0,57950.0,91950.0,89900.0,88800.0,83950.0,92000.0,76900.0
2021-03-23,82700.0,56050.0,91700.0,57950.0,91950.0,89900.0,88800.0,83950.0,92000.0,76900.0
2021-03-24,79600.0,55300.0,91700.0,57950.0,92000.0,89900.0,87200.0,83950.0,86900.0,76900.0
2021-03-25,79600.0,55300.0,91700.0,57950.0,92000.0,89900.0,87200.0,83950.0,86900.0,76900.0
2021-03-26,79600.0,55300.0,91700.0,57950.0,92000.0,89900.0,87200.0,83950.0,86900.0,76900.0
2021-03-27,,,,,,,,,,
2021-03-28,,,,,,,,,,
2021-03-29,79600.0,55300.0,91700.0,57950.0,92000.0,89900.0,87200.0,83950.0,86900.0,76900.0
2021-03-30,79600.0,55300.0,91700.0,57950.0,92000.0,89900.0,87200.0,83950.0,86900.0,76900.0
2021-03-31,79600.0,55300.0,91700.0,57950.0,92000.0,89900.0,87200.0,83950.0,86900.0,79900.0
2021-04-01,72950.0,53300.0,76050.0,63750.0,67200.0,53900.0,102100.0,75950.0,81300.0,77400.0
2021-04-02,78200.0,52000.0,104200.0,67200.0,90700.0,98900.0,100550.0,88800.0,99500.0,76900.0
2021-04-03,83850.0,51250.0,91700.0,57950.0,91950.0,89900.0,83200.0,83950.0,92000.0,76900.0
2021-04-04,,,,,,,,,,
2021-04-05,84450.0,59950.0,109750.0,46400.0,94750.0,89900.0,87050.0,84650.0,88550.0,80550.0
2021-04-06,72850.0,60700.0,78050.0,35500.0,78700.0,89900.0,82500.0,68600.0,75200.0,80550.0
2021-04-07,,,,,,,,,,
2021-04-08,55350.0,51600.0,51350.0,43400.0,73800.0,68600.0,78100.0,62750.0,57700.0,76150.0
2021-04-09,,,,,,,,,,
2021-04-10,38900.0,30150.0,41100.0,33500.0,45700.0,63950.0,71700.0,50200.0,40600.0,74400.0
2021-04-11,48400.0,24900.0,51200.0,49600.0,45200.0,68050.0,87400.0,55450.0,45800.0,67650.0
2021-04-12,,,,,,,,,,
2021-04-13,79100.0,55300.0,100950.0,57950.0,94750.0,89900.0,90450.0,85700.0,82100.0,76400.0
2021-04-14,84800.0,56950.0,100950.0,58700.0,94750.0,89900.0,86200.0,92150.0,84600.0,76400.0
2021-04-15,84800.0,56950.0,100950.0,58700.0,94750.0,89900.0,86200.0,92150.0,84600.0,76400.0
2021-04-16,84800.0,56950.0,100950.0,58700.0,94750.0,89900.0,86200.0,92150.0,84600.0,76400.0
2021-04-17,,,,,,,,,,
2021-04-18,,,,,,,,,,
2021-04-19,84800.0,56950.0,100950.0,58700.0,94750.0,89900.0,86200.0,92150.0,84600.0,76400.0
2021-04-20,84800.0,56950.0,100950.0,58700.0,94750.0,89900.0,86200.0,92150.0,84600.0,76400.0
2021-04-21,84700.0,56950.0,103100.0,53900.0,94750.0,92550.0,86800.0,92150.0,88550.0,76400.0
2021-04-22,84700.0,56950.0,103100.0,53900.0,94750.0,92550.0,86800.0,92150.0,88550.0,76400.0
2021-04-23,84700.0,56950.0,103100.0,53900.0,94750.0,92550.0,86800.0,92150.0,88550.0,76400.0
2021-04-24,,,,,,,,,,
2021-04-25,,,,,,,,,,
2021-04-26,84700.0,56950.0,103100.0,53900.0,94750.0,92550.0,86800.0,92150.0,88550.0,76400.0
2021-04-27,84700.0,56950.0,103100.0,53900.0,94750.0,92550.0,86800.0,92150.0,88550.0,76400.0
2021-04-28,84450.0,59950.0,109750.0,46400.0,94750.0,89900.0,87050.0,84650.0,88550.0,80550.0
2021-04-29,84450.0,59950.0,109750.0,46400.0,94750.0,89900.0,87050.0,84650.0,88550.0,80550.0
2021-04-30,84450.0,59950.0,109750.0,46400.0,94750.0,89900.0,87050.0,84650.0,88550.0,80550.0
2021-05-01,72950.0,53300.0,76050.0,63750.0,67200.0,53900.0,102100.0,75950.0,81300.0,77400.0
2021-05-02,78200.0,52000.0,104200.0,67200.0,90700.0,98900.0,100550.0,88800.0,99500.0,76900.0
2021-05-03,83850.0,51250.0,91700.0,57950.0,91950.0,89900.0,83200.0,83950.0,92000.0,76900.0
2021-05-04,79600.0,55300.0,91700.0,57950.0,92000.0,89900.0,87200.0,83950.0,86900.0,79900.0
2021-05-05,75100.0,63300.0,94950.0,43200.0,84750.0,92400.0,84600.0,66600.0,83750.0,80550.0
2021-05-06,,,,,,,,,,
2021-05-07,55200.0,57200.0,63900.0,31750.0,78700.0,58900.0,69650.0,68600.0,65450.0,76150.0
2021-05-08,55350.0,51600.0,51350.0,43400.0,73800.0,68600.0,78100.0,62750.0,57700.0,76150.0
2021-05-09,,,,,,,,,,
2021-05-10,38900.0,30150.0,41100.0,33500.0,45700.0,63950.0,71700.0,50200.0,40600.0,74400.0
2021-05-11,43600.0,26400.0,46900.0,49600.0,45200.0,68050.0,80200.0,55450.0,42100.0,67650.0
2021-05-12,,,,,,,,,,
2021-05-13,,,,,,,,,,
2021-05-14,,,,,,,,,,
2021-05-15,,,,,,,,,,
2021-05-16,,,,,,,,,,
2021-05-17,78200.0,63400.0,84800.0,45200.0,85600.0,89900.0,85350.0,66600.0,72850.0,80550.0
2021-05-18,78200.0,63400.0,84800.0,45200.0,85600.0,89900.0,85350.0,66600.0,72850.0,80550.0
2021-05-19,85200.0,63200.0,84800.0,38950.0,83100.0,89900.0,89600.0,69600.0,75850.0,80750.0
2021-05-20,85200.0,63200.0,84800.0,38950.0,83100.0,89900.0,89600.0,69600.0,75850.0,80750.0
2021-05-21,85200.0,63200.0,84800.0,38950.0,83100.0,89900.0,89600.0,69600.0,75850.0,80750.0
2021-05-22,,,,,,,,,,
2021-05-23,,,,,,,,,,
2021-05-24,85200.0,63200.0,84800.0,38950.0,83100.0,89900.0,89600.0,69600.0,75850.0,80750.0
2021-05-25,85200.0,63200.0,84800.0,38950.0,83100.0,89900.0,89600.0,69600.0,75850.0,80750.0
2021-05-26,,,,,,,,,,
2021-05-27,80000.0,63200.0,83300.0,35500.0,78700.0,92400.0,88050.0,68600.0,75700.0,80750.0
2021-05-28,80000.0,63200.0,83300.0,35500.0,78700.0,92400.0,88050.0,68600.0,75700.0,80750.0
2021-05-29,,,,,,,,,,
2021-05-30,,,,,,,,,,
2021-05-31,80000.0,63200.0,83300.0,35500.0,78700.0,92400.0,88050.0,68600.0,75700.0,80750.0
2021-06-01,86700.0,54450.0,104200.0,63750.0,84300.0,53900.0,103650.0,92550.0,91650.0,77400.0
2021-06-02,,,,,,,,,,
2021-06-03,,,,,,,,,,
2021-06-04,79600.0,55300.0,91700.0,57950.0,92000.0,89900.0,87200.0,83950.0,86900.0,79900.0
2021-06-05,75100.0,63300.0,94950.0,43200.0,84750.0,92400.0,84600.0,66600.0,83750.0,80550.0
2021-06-06,,,,,,,,,,
2021-06-07,55200.0,57200.0,63900.0,31750.0,78700.0,58900.0,69650.0,68600.0,65450.0,76150.0
2021-06-08,55350.0,51600.0,51350.0,43400.0,73800.0,68600.0,78100.0,62750.0,57700.0,76150.0
2021-06-09,45500.0,44250.0,45450.0,39500.0,49200.0,54750.0,75650.0,60150.0,54150.0,76150.0
2021-06-10,43600.0,27950.0,44000.0,44000.0,45700.0,66700.0,78050.0,51050.0,35150.0,74400.0
2021-06-11,,,,,,,,,,
2021-06-12,,,,49600.0,,,,,,83900.0
2021-06-13,,,,,,,,,,
2021-06-14,65700.0,57700.0,63450.0,35500.0,78700.0,99900.0,84550.0,64850.0,75200.0,80550.0
2021-06-15,65700.0,57700.0,63450.0,35500.0,78700.0,99900.0,84550.0,64850.0,75200.0,80550.0
2021-06-16,59200.0,57200.0,60700.0,31750.0,78700.0,99900.0,70050.0,68600.0,70700.0,76150.0
2021-06-17,59200.0,57200.0,60700.0,31750.0,78700.0,99900.0,70050.0,68600.0,70700.0,76150.0
2021-06-18,59200.0,57200.0,60700.0,31750.0,78700.0,99900.0,70050.0,68600.0,70700.0,76150.0
2021-06-19,,,,,,,,,,
2021-06-20,,,,,,,,,,
2021-06-21,59200.0,57200.0,60700.0,31750.0,78700.0,99900.0,70050.0,68600.0,70700.0,76150.0
2021-06-22,59200.0,57200.0,60700.0,31750.0,78700.0,99900.0,70050.0,68600.0,70700.0,76150.0
2021-06-23,55200.0,57200.0,63900.0,31750.0,78700.0,58900.0,69650.0,68600.0,65450.0,76150.0
2021-06-24,55200.0,57200.0,63900.0,31750.0,78700.0,58900.0,69650.0,68600.0,65450.0,76150.0
2021-06-25,55200.0,57200.0,63900.0,31750.0,78700.0,58900.0,69650.0,68600.0,65450.0,76150.0
2021-06-26,,,,,,,,,,
2021-06-27,,,,,,,,,,
2021-06-28,55200.0,57200.0,63900.0,31750.0,78700.0,58900.0,69650.0,68600.0,65450.0,76150.0
2021-06-29,55200.0,57200.0,63900.0,31750.0,78700.0,58900.0,69650.0,68600.0,65450.0,76150.0
2021-06-30,55200.0,57200.0,63900.0,31750.0,78700.0,58900.0,69650.0,68600.0,65450.0,76150.0
2021-07-01,86700.0,54450.0,104200.0,63750.0,84300.0,53900.0,103650.0,92550.0,91650.0,77400.0
2021-07-02,,,,,,,,,,
2021-07-03,,,,,,,,,,
2021-07-04,79100.0,55300.0,100950.0,57950.0,94750.0,89900.0,90450.0,85700.0,82100.0,76400.0
2021-07-05,75100.0,63300.0,94950.0,43200.0,84750.0,92400.0,84600.0,66600.0,83750.0,80550.0
2021-07-06,72850.0,60700.0,78050.0,35500.0,78700.0,89900.0,82500.0,68600.0,75200.0,80550.0
2021-07-07,53550.0,58100.0,65450.0,33900.0,77900.0,58700.0,73450.0,64900.0,60950.0,78550.0
2021-07-08,,,,,,,,,,
2021-07-09,45500.0,44250.0,45450.0,39500.0,49200.0,54750.0,75650.0,60150.0,54150.0,76150.0
2021-07-10,43600.0,27950.0,44000.0,44000.0,45700.0,66700.0,78050.0,51050.0,35150.0,74400.0
2021-07-11,,,,,,,,,,
2021-07-12,55750.0,26900.0,62900.0,42500.0,48300.0,83950.0,90300.0,64050.0,53100.0,83900.0
2021-07-13,53550.0,58100.0,65450.0,33900.0,77900.0,58700.0,73450.0,64900.0,60950.0,78550.0
2021-07-14,55200.0,57700.0,49050.0,43900.0,73800.0,58700.0,72450.0,62650.0,62650.0,72800.0
2021-07-15,55200.0,57700.0,49050.0,43900.0,73800.0,58700.0,72450.0,62650.0,62650.0,72800.0
2021-07-16,55200.0,57700.0,49050.0,43900.0,73800.0,58700.0,72450.0,62650.0,62650.0,72800.0
2021-07-17,,,,,,,,,,
2021-07-18,,,,,,,,,,
2021-07-19,55200.0,57700.0,49050.0,43900.0,73800.0,58700.0,72450.0,62650.0,62650.0,72800.0
2021-07-20,,,,,,,,,,
2021-07-21,53850.0,57100.0,50700.0,40900.0,73800.0,58700.0,76200.0,61500.0,62650.0,76150.0
2021-07-22,53850.0,57100.0,50700.0,40900.0,73800.0,58700.0,76200.0,61500.0,62650.0,76150.0
2021-07-23,53850.0,57100.0,50700.0,40900.0,73800.0,58700.0,76200.0,61500.0,62650.0,76150.0
2021-07-24,,,,,,,,,,
2021-07-25,,,,,,,,,,
2021-07-26,53850.0,57100.0,50700.0,40900.0,73800.0,58700.0,76200.0,61500.0,62650.0,76150.0
2021-07-27,53850.0,57100.0,50700.0,40900.0,73800.0,58700.0,76200.0,61500.0,62650.0,76150.0
2021-07-28,53850.0,57600.0,50700.0,43400.0,73800.0,64900.0,93800.0,62250.0,61200.0,76150.0
2021-07-29,53850.0,57600.0,50700.0,43400.0,73800.0,64900.0,93800.0,62250.0,61200.0,76150.0
2021-07-30,53850.0,57600.0,50700.0,43400.0,73800.0,64900.0,93800.0,62250.0,61200.0,76150.0
2021-07-31,,,,,,,,,,
2021-08-01,86700.0,54450.0,104200.0,63750.0,84300.0,53900.0,103650.0,92550.0,91650.0,77400.0
2021-08-02,78200.0,52000.0,104200.0,67200.0,90700.0,98900.0,100550.0,88800.0,99500.0,76900.0
2021-08-03,83850.0,51250.0,91700.0,57950.0,91950.0,89900.0,83200.0,83950.0,92000.0,76900.0
2021-08-04,79100.0,55300.0,100950.0,57950.0,94750.0,89900.0,90450.0,85700.0,82100.0,76400.0
2021-08-05,,,,,,,,,,
2021-08-06,72850.0,60700.0,78050.0,35500.0,78700.0,89900.0,82500.0,68600.0,75200.0,80550.0
2021-08-07,53550.0,58100.0,65450.0,33900.0,77900.0,58700.0,73450.0,64900.0,60950.0,78550.0
2021-08-08,,,,,,,,,,
2021-08-09,43150.0,33900.0,43950.0,39500.0,46200.0,55750.0,72200.0,50650.0,40600.0,74400.0
2021-08-10,43600.0,27950.0,44000.0,44000.0,45700.0,66700.0,78050.0,51050.0,35150.0,74400.0
2021-08-11,43600.0,26400.0,46900.0,49600.0,45200.0,68050.0,80200.0,55450.0,42100.0,67650.0
2021-08-12,54600.0,28800.0,64650.0,42500.0,49700.0,83950.0,89250.0,63550.0,66850.0,96150.0
2021-08-13,50000.0,44350.0,55250.0,39500.0,73800.0,54750.0,78100.0,62750.0,57700.0,76150.0
2021-08-14,,,,,,,,,,
2021-08-15,,,,,,,,,,
2021-08-16,50000.0,44350.0,55250.0,39500.0,73800.0,54750.0,78100.0,62750.0,57700.0,76150.0
2021-08-17,,,,,,,,,,
2021-08-18,50000.0,44350.0,54500.0,39500.0,73800.0,54750.0,78050.0,62750.0,57700.0,76150.0
2021-08-19,50000.0,44350.0,54500.0,39500.0,73800.0,54750.0,78050.0,62750.0,57700.0,76150.0
2021-08-20,50000.0,44350.0,54500.0,39500.0,73800.0,54750.0,78050.0,62750.0,57700.0,76150.0
2021-08-21,,,,,,,,,,
2021-08-22,,,,,,,,,,
2021-08-23,50000.0,44350.0,54500.0,39500.0,73800.0,54750.0,78050.0,62750.0,57700.0,76150.0
2021-08-24,50000.0,44350.0,54500.0,39500.0,73800.0,54750.0,78050.0,62750.0,57700.0,76150.0
2021-08-25,48500.0,44350.0,53050.0,39500.0,73800.0,54750.0,77150.0,57750.0,57700.0,76150.0
2021-08-26,48500.0,44350.0,53050.0,39500.0,73800.0,54750.0,77150.0,57750.0,57700.0,76150.0
2021-08-27,48500.0,44350.0,53050.0,39500.0,73800.0,54750.0,77150.0,57750.0,57700.0,76150.0
2021-08-28,,,,,,,,,,
2021-08-29,,,,,,,,,,
2021-08-30,48500.0,44350.0,53050.0,39500.0,73800.0,54750.0,77150.0,57750.0,57700.0,76150.0
2021-08-31,48500.0,44350.0,53050.0,39500.0,73800.0,54750.0,77150.0,57750.0,57700.0,76150.0
2021-09-01,,,,,,,,,,
2021-09-02,78200.0,52000.0,104200.0,67200.0,90700.0,98900.0,100550.0,88800.0,99500.0,76900.0
2021-09-03,83850.0,51250.0,91700.0,57950.0,91950.0,89900.0,83200.0,83950.0,92000.0,76900.0
2021-09-04,79100.0,55300.0,100950.0,57950.0,94750.0,89900.0,90450.0,85700.0,82100.0,76400.0
2021-09-05,,,,,,,,,,
2021-09-06,65700.0,57700.0,63450.0,35500.0,78700.0,99900.0,84550.0,64850.0,75200.0,80550.0
2021-09-07,53550.0,58100.0,65450.0,33900.0,77900.0,58700.0,73450.0,64900.0,60950.0,78550.0
2021-09-08,55350.0,51600.0,51350.0,43400.0,73800.0,68600.0,78100.0,62750.0,57700.0,76150.0
2021-09-09,43150.0,33900.0,43950.0,39500.0,46200.0,55750.0,72200.0,50650.0,40600.0,74400.0
2021-09-10,,,,,,,,,,
2021-09-11,48400.0,24900.0,51200.0,49600.0,45200.0,72050.0,87400.0,55450.0,45800.0,67650.0
2021-09-12,54600.0,28800.0,64650.0,42500.0,49700.0,83950.0,89250.0,63550.0,66850.0,96150.0
2021-09-13,43150.0,33900.0,43950.0,39500.0,46200.0,55750.0,72200.0,50650.0,40600.0,74400.0
2021-09-14,43150.0,33900.0,43950.0,39500.0,46200.0,55750.0,72200.0,50650.0,40600.0,74400.0
2021-09-15,38650.0,33900.0,43100.0,33500.0,45700.0,65350.0,72200.0,51150.0,40600.0,74400.0
2021-09-16,38650.0,33900.0,43100.0,33500.0,45700.0,65350.0,72200.0,51150.0,40600.0,74400.0
2021-09-17,38650.0,33900.0,43100.0,33500.0,45700.0,65350.0,72200.0,51150.0,40600.0,74400.0
2021-09-18,,,,,,,,,,
2021-09-19,,,,,,,,,,
2021-09-20,38650.0,33900.0,43100.0,33500.0,45700.0,65350.0,72200.0,51150.0,40600.0,74400.0
2021-09-21,38650.0,33900.0,43100.0,33500.0,45700.0,65350.0,72200.0,51150.0,40600.0,74400.0
2021-09-22,38900.0,30150.0,41100.0,33500.0,45700.0,63950.0,71700.0,50200.0,40600.0,74400.0
2021-09-23,38900.0,30150.0,41100.0,33500.0,45700.0,63950.0,71700.0,50200.0,40600.0,74400.0
2021-09-24,38900.0,30150.0,41100.0,33500.0,45700.0,63950.0,71700.0,50200.0,40600.0,74400.0
2021-09-25,,,,,,,,,,
2021-09-26,,,,,,,,,,
2021-09-27,38900.0,30150.0,41100.0,33500.0,45700.0,63950.0,71700.0,50200.0,40600.0,74400.0
2021-09-28,38900.0,30150.0,41100.0,33500.0,45700.0,63950.0,71700.0,50200.0,40600.0,74400.0
2021-09-29,38900.0,30150.0,41100.0,33500.0,45700.0,63950.0,71700.0,50200.0,40600.0,74400.0
2021-09-30,38900.0,30150.0,41100.0,33500.0,45700.0,63950.0,71700.0,50200.0,40600.0,74400.0
2021-10-01,,,,,,,,,,
2021-10-02,82600.0,50950.0,104200.0,65700.0,90950.0,89900.0,96700.0,84550.0,94500.0,76900.0
2021-10-03,83950.0,55200.0,91700.0,57950.0,91950.0,89900.0,88200.0,83950.0,92000.0,76900.0
2021-10-04,,,,,,,,,,
2021-10-05,75100.0,63300.0,94950.0,43200.0,84750.0,92400.0,84600.0,66600.0,83750.0,80550.0
2021-10-06,65700.0,57700.0,63450.0,35500.0,78700.0,99900.0,84550.0,64850.0,75200.0,80550.0
2021-10-07,,,,,,,,,,
2021-10-08,55350.0,51600.0,51350.0,43400.0,73800.0,68600.0,78100.0,62750.0,57700.0,76150.0
2021-10-09,43150.0,33900.0,43950.0,39500.0,46200.0,55750.0,72200.0,50650.0,40600.0,74400.0
2021-10-10,,,,,,,,,,
2021-10-11,47450.0,25650.0,52000.0,53500.0,47050.0,72050.0,88000.0,64450.0,49550.0,68650.0
2021-10-12,,,,49600.0,,,,,,96150.0
2021-10-13,43600.0,26400.0,46900.0,44000.0,46450.0,68050.0,84050.0,52000.0,42100.0,67650.0
2021-10-14,43600.0,26400.0,46900.0,44000.0,46450.0,68050.0,80200.0,52000.0,42100.0,67650.0
2021-10-15,43600.0,26400.0,46900.0,44000.0,45200.0,68050.0,80200.0,54700.0,42100.0,67650.0
2021-10-16,,,,,,,,,,
2021-10-17,,,,,,,,,,
2021-10-18,43600.0,26400.0,46900.0,44000.0,45200.0,68050.0,80200.0,54700.0,42100.0,67650.0
2021-10-19,43600.0,26400.0,46900.0,44000.0,45200.0,68050.0,80200.0,54700.0,42100.0,67650.0
2021-10-20,,,,,,,,,,
2021-10-21,43600.0,26400.0,46900.0,44000.0,45200.0,68050.0,80200.0,55450.0,42100.0,67650.0
2021-10-22,43600.0,26400.0,46900.0,44000.0,45200.0,68050.0,80200.0,55450.0,42100.0,67650.0
2021-10-23,,,,,,,,,,
2021-10-24,,,,,,,,,,
2021-10-25,43600.0,26400.0,46900.0,44000.0,45200.0,68050.0,80200.0,55450.0,42100.0,67650.0
2021-10-26,43600.0,26400.0,46900.0,44000.0,45200.0,68050.0,80200.0,55450.0,42100.0,67650.0
2021-10-27,47650.0,24900.0,54600.0,49600.0,45200.0,68050.0,83600.0,55450.0,42100.0,67650.0
2021-10-28,47650.0,24900.0,54600.0,49600.0,45200.0,68050.0,80200.0,55450.0,42100.0,67650.0
2021-10-29,43600.0,26400.0,46900.0,44000.0,45200.0,68050.0,80200.0,55450.0,42100.0,67650.0
2021-10-30,,,,,,,,,,
2021-10-31,,,,,,,,,,
2021-11-01,86700.0,54450.0,104200.0,63750.0,84300.0,53900.0,103650.0,92550.0,91650.0,77400.0
2021-11-02,82600.0,50950.0,104200.0,65700.0,90950.0,89900.0,96700.0,84550.0,94500.0,76900.0
2021-11-03,,,,,,,,,,
2021-11-04,,,,,,,,,,
2021-11-05,75100.0,63300.0,94950.0,43200.0,84750.0,92400.0,84600.0,66600.0,83750.0,80550.0
2021-11-06,65700.0,57700.0,63450.0,35500.0,78700.0,99900.0,84550.0,64850.0,75200.0,80550.0
2021-11-07,,,,,,,,,,
2021-11-08,,,,,,,,,,
2021-11-09,,,,,,,,,,
2021-11-10,43600.0,27950.0,44000.0,44000.0,45700.0,66700.0,78050.0,51050.0,35150.0,74400.0
2021-11-11,47450.0,25650.0,52000.0,49600.0,47050.0,72050.0,88000.0,64450.0,49550.0,68650.0
2021-11-12,,,,,,,,,,
2021-11-13,,,,,,,,,,
2021-11-14,,,,,,,,,,
2021-11-15,43600.0,26400.0,46900.0,49600.0,45200.0,68050.0,80200.0,55450.0,42100.0,68650.0
2021-11-16,47450.0,25650.0,52000.0,49600.0,47050.0,72050.0,88000.0,64450.0,49550.0,68650.0
2021-11-17,51600.0,24150.0,52600.0,53500.0,48300.0,72050.0,89400.0,63800.0,51300.0,83900.0
2021-11-18,51600.0,24150.0,52600.0,53500.0,48300.0,72050.0,89400.0,63800.0,51300.0,83900.0
2021-11-19,43600.0,26400.0,46900.0,49600.0,45200.0,68050.0,80200.0,55450.0,42100.0,83900.0
2021-11-20,,,,,,,,,,
2021-11-21,,,,,,,,,,
2021-11-22,43600.0,26400.0,46900.0,49600.0,45200.0,68050.0,80200.0,55450.0,42100.0,83900.0
2021-11-23,51600.0,24150.0,52600.0,53500.0,48300.0,72050.0,89400.0,63800.0,51300.0,83900.0
2021-11-24,54550.0,26400.0,55600.0,42500.0,48300.0,72050.0,90550.0,67050.0,64400.0,83900.0
2021-11-25,54550.0,26400.0,55600.0,42500.0,48300.0,72050.0,90550.0,67050.0,64400.0,83900.0
2021-11-26,,,,49600.0,45200.0,68050.0,80200.0,55450.0,,83900.0
2021-11-27,,,,,,,,,,
2021-11-28,,,,,,,,,,
2021-11-29,,,,49600.0,,68050.0,,55450.0,,83900.0
2021-11-30,54550.0,26400.0,55600.0,42500.0,48300.0,72050.0,90550.0,67050.0,64400.0,83900.0
2021-12-01,86700.0,54450.0,104200.0,63750.0,84300.0,53900.0,103650.0,92550.0,91650.0,77400.0
2021-12-02,,,,,,,,,,
2021-12-03,83950.0,55200.0,91700.0,57950.0,91950.0,89900.0,88200.0,83950.0,92000.0,76900.0
2021-12-04,79100.0,55300.0,100950.0,57950.0,94750.0,89900.0,90450.0,85700.0,82100.0,76400.0
2021-12-05,,,,,,,,,,
2021-12-06,,,,,,,,,,
2021-12-07,53550.0,58100.0,65450.0,33900.0,77900.0,58700.0,73450.0,64900.0,60950.0,78550.0
2021-12-08,50000.0,44350.0,55250.0,39500.0,73800.0,54750.0,78100.0,62750.0,57700.0,76150.0
2021-12-09,,,,,,,,,,
2021-12-10,43600.0,27950.0,44000.0,44000.0,45700.0,66700.0,78050.0,51050.0,35150.0,74400.0
2021-12-11,43600.0,26400.0,46900.0,49600.0,45200.0,68050.0,80200.0,55450.0,42100.0,68650.0
2021-12-12,,,,,,,,,,
2021-12-13,,,,49600.0,,,,,,96150.0
2021-12-14,54600.0,28800.0,64650.0,42500.0,49700.0,83950.0,89250.0,63550.0,66850.0,96150.0
2021-12-15,73900.0,59800.0,70550.0,42500.0,55700.0,73950.0,83950.0,68700.0,74450.0,96150.0
2021-12-16,73900.0,59800.0,70550.0,42500.0,55700.0,73950.0,83950.0,68700.0,74450.0,96150.0
2021-12-17,,,,,,,,,,96150.0
2021-12-18,,,,,,,,,,
2021-12-19,,,,,,,,,,
2021-12-20,,,,,,,,,,96150.0
2021-12-21,73900.0,59800.0,70550.0,42500.0,55700.0,73950.0,83950.0,68700.0,74450.0,96150.0
2021-12-22,71500.0,59800.0,76800.0,42500.0,55700.0,83950.0,83050.0,69250.0,74450.0,109900.0
2021-12-23,71500.0,59800.0,76800.0,42500.0,55700.0,83950.0,83050.0,69250.0,74450.0,109900.0
2021-12-24,,,,,,,,,,109900.0
2021-12-25,,,,,,,,,,
2021-12-26,,,,,,,,,,
2021-12-27,,,,,,,,,,109900.0
2021-12-28,71500.0,59800.0,76800.0,42500.0,55700.0,83950.0,83050.0,69250.0,74450.0,109900.0
2021-12-29,71500.0,59800.0,76800.0,42500.0,55700.0,83950.0,83050.0,69250.0,74450.0,96150.0
2021-12-30,71500.0,59800.0,76800.0,42500.0,55700.0,83950.0,83050.0,69250.0,74450.0,96150.0
2021-12-31,,,,,,,,,,96150.0
2022-01-01,,,,,,,,,,
2022-01-02,,,,,,,,,,
2022-01-03,56550.0,65700.0,63400.0,43350.0,65150.0,76600.0,90500.0,65350.0,63900.0,85650.0
2022-01-04,68450.0,61750.0,76700.0,61000.0,69050.0,92100.0,96300.0,71950.0,66950.0,108150.0
2022-01-05,,,,,,,,,,
2022-01-06,,,,,,,,,,
2022-01-07,98400.0,57400.0,98650.0,91500.0,88350.0,114450.0,117900.0,113650.0,85350.0,131200.0
2022-01-08,131050.0,60550.0,141700.0,95500.0,100950.0,118700.0,119100.0,124750.0,100950.0,137450.0
2022-01-09,116550.0,71800.0,132700.0,99000.0,94700.0,110950.0,102500.0,101650.0,89900.0,142950.0
2022-01-10,,,,,,,,,,
2022-01-11,86950.0,50300.0,120700.0,44750.0,82350.0,84350.0,95800.0,86450.0,79050.0,130200.0
2022-01-12,,,,,,,,,,
2022-01-13,65300.0,69450.0,80200.0,29950.0,70650.0,82200.0,91800.0,61850.0,69200.0,110200.0
2022-01-14,65300.0,69450.0,80200.0,29950.0,70650.0,82200.0,91800.0,61850.0,69200.0,110200.0
2022-01-15,,,,,,,,,,
2022-01-16,,,,,,,,,,
2022-01-17,65300.0,69450.0,80200.0,29950.0,70650.0,82200.0,91800.0,61850.0,69200.0,110200.0
2022-01-18,65300.0,69450.0,80200.0,29950.0,70650.0,82200.0,91800.0,61850.0,69200.0,110200.0
2022-01-19,62300.0,67700.0,64900.0,29950.0,65650.0,82200.0,82450.0,60200.0,67200.0,102200.0
2022-01-20,62300.0,67700.0,64900.0,29950.0,65650.0,82200.0,82450.0,60200.0,67200.0,102200.0
2022-01-21,62300.0,67700.0,64900.0,29950.0,65650.0,82200.0,82450.0,60200.0,67200.0,102200.0
2022-01-22,,,,,,,,,,
2022-01-23,,,,,,,,,,
2022-01-24,62300.0,67700.0,64900.0,29950.0,65650.0,82200.0,82450.0,60200.0,67200.0,102200.0
2022-01-25,62300.0,67700.0,64900.0,29950.0,65650.0,82200.0,82450.0,60200.0,67200.0,102200.0
2022-01-26,57250.0,67700.0,59900.0,29950.0,72650.0,80200.0,76950.0,61100.0,67200.0,102200.0
2022-01-27,57250.0,67700.0,59900.0,29950.0,72650.0,80200.0,76950.0,61100.0,67200.0,102200.0
2022-01-28,57250.0,67700.0,59900.0,29950.0,72650.0,80200.0,76950.0,61100.0,67200.0,102200.0
2022-01-29,,,,,,,,,,
2022-01-30,,,,,,,,,,
2022-01-31,57250.0,67700.0,59900.0,29950.0,72650.0,80200.0,76950.0,61100.0,67200.0,102200.0
2022-02-01,,,,,,,,,,
2022-02-02,55500.0,66200.0,59900.0,32050.0,70900.0,80200.0,81650.0,61100.0,67200.0,102200.0
2022-02-03,56500.0,65700.0,62550.0,48550.0,65150.0,77200.0,92350.0,65350.0,64200.0,85650.0
2022-02-04,,,,,,,,,,
2022-02-05,,,,,,,,,,
2022-02-06,73800.0,61400.0,82000.0,59250.0,67350.0,81950.0,94300.0,80850.0,67850.0,131200.0
2022-02-07,,,,,,,,,,
2022-02-08,131050.0,60550.0,141700.0,95500.0,100950.0,118700.0,119100.0,124750.0,100950.0,137450.0
2022-02-09,116550.0,71800.0,132700.0,99000.0,94700.0,110950.0,102500.0,101650.0,89900.0,142950.0
2022-02-10,,,,,,,,,,
2022-02-11,86950.0,50050.0,98100.0,44750.0,82350.0,84350.0,87200.0,86450.0,79550.0,130200.0
2022-02-12,,,,,,,,,,
2022-02-13,,,,,,,,,,
2022-02-14,53850.0,66200.0,57900.0,32050.0,70650.0,80200.0,83700.0,61100.0,67200.0,102200.0
2022-02-15,53850.0,66200.0,57900.0,32050.0,70650.0,80200.0,83700.0,61100.0,67200.0,102200.0
2022-02-16,54200.0,66200.0,58900.0,38300.0,73900.0,83950.0,83700.0,61100.0,67200.0,93450.0
2022-02-17,54200.0,66200.0,58900.0,38300.0,73900.0,83950.0,83700.0,61100.0,67200.0,93450.0
2022-02-18,54200.0,66200.0,58900.0,38300.0,73900.0,83950.0,83700.0,61100.0,67200.0,93450.0
2022-02-19,,,,,,,,,,
2022-02-20,,,,,,,,,,
2022-02-21,54200.0,66200.0,58900.0,38300.0,73900.0,83950.0,83700.0,61100.0,67200.0,93450.0
2022-02-22,54200.0,66200.0,58900.0,38300.0,73900.0,83950.0,83700.0,61100.0,67200.0,93450.0
2022-02-23,56550.0,65700.0,63400.0,43350.0,65150.0,76600.0,90500.0,65350.0,63900.0,85650.0
2022-02-24,56550.0,65700.0,63400.0,43350.0,65150.0,76600.0,90500.0,65350.0,63900.0,85650.0
2022-02-25,56550.0,65700.0,63400.0,43350.0,65150.0,76600.0,90500.0,65350.0,63900.0,85650.0
2022-02-26,,,,,,,,,,
2022-02-27,,,,,,,,,,
2022-02-28,,,,,,,,,,
2022-03-01,71500.0,59800.0,76800.0,42500.0,55700.0,83950.0,83050.0,69250.0,74450.0,96150.0
2022-03-02,55500.0,66200.0,59900.0,32050.0,70900.0,80200.0,81650.0,61100.0,67200.0,102200.0
2022-03-03,,,,,,,,,,
2022-03-04,,,,,,,,,,
2022-03-05,,,,,,,,,,
2022-03-06,73800.0,61400.0,82000.0,59250.0,67350.0,81950.0,94300.0,80850.0,67850.0,131200.0
2022-03-07,,,,,,,,,,
2022-03-08,126450.0,60550.0,142450.0,114000.0,99600.0,113450.0,114100.0,119750.0,96200.0,137450.0
2022-03-09,,,,,,,,,,
2022-03-10,103200.0,70000.0,126550.0,59000.0,88550.0,110450.0,101450.0,107650.0,87750.0,139450.0
2022-03-11,86950.0,50050.0,98100.0,44750.0,82350.0,84350.0,87200.0,86450.0,79550.0,130200.0
2022-03-12,,,,,,,,,,
2022-03-13,,,,,,,,,,
2022-03-14,62950.0,62200.0,72700.0,62150.0,66900.0,82100.0,97000.0,69450.0,65700.0,93150.0
2022-03-15,62950.0,62200.0,72700.0,62150.0,66900.0,82100.0,97000.0,69450.0,65700.0,93150.0
2022-03-16,63950.0,62200.0,76700.0,62150.0,66650.0,93100.0,95950.0,71950.0,64450.0,93150.0
2022-03-17,63950.0,62200.0,76700.0,62150.0,66650.0,93100.0,95950.0,71950.0,64450.0,93150.0
2022-03-18,63950.0,62200.0,76700.0,62150.0,66650.0,93100.0,95950.0,71950.0,64450.0,93150.0
2022-03-19,,,,,,,,,,
2022-03-20,,,,,,,,,,
2022-03-21,63950.0,62200.0,76700.0,62150.0,66650.0,93100.0,95950.0,71950.0,64450.0,93150.0
2022-03-22,63950.0,62200.0,76700.0,62150.0,66650.0,93100.0,95950.0,71950.0,64450.0,93150.0
2022-03-23,68450.0,61750.0,76700.0,61000.0,69050.0,92100.0,96300.0,71950.0,66950.0,93150.0
2022-03-24,68450.0,61750.0,76700.0,61000.0,69050.0,92100.0,96300.0,71950.0,66950.0,93150.0
2022-03-25,68450.0,61750.0,76700.0,61000.0,69050.0,92100.0,96300.0,71950.0,66950.0,93150.0
2022-03-26,,,,,,,,,,
2022-03-27,,,,,,,,,,
2022-03-28,68450.0,61750.0,76700.0,61000.0,69050.0,92100.0,96300.0,71950.0,66950.0,93150.0
2022-03-29,68450.0,61750.0,76700.0,61000.0,69050.0,92100.0,96300.0,71950.0,66950.0,93150.0
2022-03-30,68450.0,61750.0,76700.0,61000.0,69050.0,92100.0,96300.0,71950.0,66950.0,108150.0
2022-03-31,68450.0,61750.0,76700.0,61000.0,69050.0,92100.0,96300.0,71950.0,66950.0,108150.0
2022-04-01,71500.0,59800.0,76800.0,42500.0,55700.0,83950.0,83050.0,69250.0,74450.0,96150.0
2022-04-02,55500.0,66200.0,59900.0,32050.0,70900.0,80200.0,81650.0,61100.0,67200.0,102200.0
2022-04-03,56500.0,65700.0,62550.0,48550.0,65150.0,77200.0,92350.0,65350.0,64200.0,85650.0
2022-04-04,68450.0,61750.0,76700.0,61000.0,69050.0,92100.0,96300.0,71950.0,66950.0,108150.0
2022-04-05,,,,,,,,,,
2022-04-06,,,,,,,,,,
2022-04-07,98400.0,57400.0,98650.0,91500.0,88350.0,114450.0,117900.0,113650.0,85350.0,131200.0
2022-04-08,126450.0,60550.0,142450.0,114000.0,99600.0,113450.0,114100.0,119750.0,96200.0,137450.0
2022-04-09,,,,,,,,,,
2022-04-10,103200.0,70000.0,126550.0,59000.0,88550.0,110450.0,101450.0,107650.0,87750.0,139450.0
2022-04-11,86950.0,50050.0,98100.0,44750.0,82350.0,84350.0,87200.0,86450.0,79550.0,130200.0
2022-04-12,,,,,,,,,,
2022-04-13,73150.0,84850.0,88200.0,46900.0,70350.0,79450.0,95300.0,68950.0,75600.0,105150.0
2022-04-14,73150.0,84850.0,88200.0,46900.0,70350.0,79450.0,95300.0,68950.0,75600.0,105150.0
2022-04-15,,,,,,,,,,
2022-04-16,,,,,,,,,,
2022-04-17,,,,,,,,,,
2022-04-18,73150.0,84850.0,88200.0,46900.0,70350.0,79450.0,95300.0,68950.0,75600.0,105150.0
2022-04-19,73150.0,84850.0,88200.0,46900.0,70350.0,79450.0,95300.0,68950.0,75600.0,105150.0
2022-04-20,70900.0,81000.0,89900.0,46900.0,70350.0,79450.0,91250.0,74500.0,77750.0,99400.0
2022-04-21,70900.0,81000.0,89900.0,46900.0,70350.0,79450.0,91250.0,74500.0,77750.0,99400.0
2022-04-22,70900.0,81000.0,89900.0,46900.0,70350.0,79450.0,91250.0,74500.0,77750.0,99400.0
2022-04-23,,,,,,,,,,
2022-04-24,,,,,,,,,,
2022-04-25,70900.0,81000.0,89900.0,46900.0,70350.0,79450.0,91250.0,74500.0,77750.0,99400.0
2022-04-26,70900.0,81000.0,89900.0,46900.0,70350.0,79450.0,91250.0,74500.0,77750.0,99400.0
2022-04-27,70350.0,81000.0,85150.0,42500.0,68850.0,77450.0,80200.0,72600.0,67000.0,99400.0
2022-04-28,70350.0,81000.0,85150.0,42500.0,68850.0,77450.0,80200.0,72600.0,67000.0,99400.0
2022-04-29,70350.0,81000.0,85150.0,42500.0,68850.0,77450.0,80200.0,72600.0,67000.0,99400.0
2022-04-30,,,,,,,,,,
2022-05-01,68900.0,69450.0,80200.0,29950.0,69400.0,82200.0,87700.0,64350.0,79900.0,96150.0
2022-05-02,,,,,,,,,,
2022-05-03,,,,,,,,,,
2022-05-04,68450.0,61750.0,76700.0,61000.0,69050.0,92100.0,96300.0,71950.0,66950.0,108150.0
2022-05-05,,,,,,,,,,
2022-05-06,,,,,,,,,,
2022-05-07,98400.0,57400.0,98650.0,91500.0,88350.0,114450.0,117900.0,113650.0,85350.0,131200.0
2022-05-08,126450.0,60550.0,142450.0,114000.0,99600.0,113450.0,114100.0,119750.0,96200.0,137450.0
2022-05-09,116550.0,71800.0,132700.0,99000.0,94700.0,110950.0,102500.0,101650.0,89900.0,142950.0
2022-05-10,96200.0,70750.0,126700.0,44000.0,88400.0,105700.0,95050.0,97750.0,92950.0,139450.0
2022-05-11,,,,,,,,,,
2022-05-12,,,,,,,,,,
2022-05-13,80850.0,73750.0,79500.0,36550.0,68850.0,77700.0,86450.0,81400.0,70950.0,99400.0
2022-05-14,,,,,,,,,,
2022-05-15,,,,,,,,,,
2022-05-16,,,,,,,,,,
2022-05-17,80850.0,73750.0,79500.0,36550.0,68850.0,77700.0,86450.0,81400.0,70950.0,99400.0
2022-05-18,72850.0,50750.0,78000.0,36550.0,66850.0,77700.0,85950.0,71400.0,65350.0,129700.0
2022-05-19,72850.0,50750.0,78000.0,36550.0,66850.0,77700.0,85950.0,71400.0,65350.0,129700.0
2022-05-20,72850.0,50750.0,78000.0,36550.0,66850.0,77700.0,85950.0,71400.0,65350.0,129700.0
2022-05-21,,,,,,,,,,
2022-05-22,,,,,,,,,,
2022-05-23,72850.0,50750.0,78000.0,36550.0,66850.0,77700.0,85950.0,71400.0,65350.0,129700.0
2022-05-24,72850.0,50750.0,78000.0,36550.0,66850.0,77700.0,85950.0,71400.0,65350.0,129700.0
2022-05-25,71150.0,61600.0,78250.0,45950.0,66850.0,77700.0,87800.0,73900.0,65300.0,131200.0
2022-05-26,,,,,,,,,,
2022-05-27,71150.0,61600.0,78250.0,45950.0,66850.0,77700.0,87800.0,73900.0,65300.0,131200.0
2022-05-28,,,,,,,,,,
2022-05-29,,,,,,,,,,
2022-05-30,71150.0,61600.0,78250.0,45950.0,66850.0,77700.0,87800.0,73900.0,65300.0,131200.0
2022-05-31,71150.0,61600.0,78250.0,45950.0,66850.0,77700.0,87800.0,73900.0,65300.0,131200.0
2022-06-01,68900.0,69450.0,80200.0,29950.0,69400.0,82200.0,87700.0,64350.0,79900.0,96150.0
2022-06-02,,,,,,,,,,
2022-06-03,,,,,,,,,,
2022-06-04,68900.0,66950.0,80400.0,59850.0,71450.0,81200.0,98050.0,70850.0,75600.0,116400.0
2022-06-05,,,,,,,,,,
2022-06-06,73800.0,61400.0,82000.0,59250.0,67350.0,81950.0,94300.0,80850.0,67850.0,131200.0
2022-06-07,107650.0,60650.0,134950.0,100500.0,94100.0,122350.0,122900.0,112900.0,87850.0,131200.0
2022-06-08,,,,,,,,,,
2022-06-09,116550.0,71800.0,132700.0,99000.0,94700.0,110950.0,102500.0,101650.0,89900.0,142950.0
2022-06-10,96200.0,70750.0,126700.0,44000.0,88400.0,105700.0,95050.0,97750.0,92950.0,139450.0
2022-06-11,,,,,,,,,,
2022-06-12,,,,,,,,,,
2022-06-13,82050.0,61400.0,84550.0,64550.0,75600.0,81950.0,95200.0,89850.0,75350.0,131200.0
2022-06-14,82050.0,61400.0,84550.0,64550.0,75600.0,81950.0,95200.0,89850.0,75350.0,131200.0
2022-06-15,93800.0,57400.0,96650.0,97250.0,88350.0,94200.0,106600.0,98450.0,75350.0,131200.0
2022-06-16,93800.0,57400.0,96650.0,97250.0,88350.0,94200.0,106600.0,98450.0,75350.0,131200.0
2022-06-17,93800.0,57400.0,96650.0,97250.0,88350.0,94200.0,106600.0,98450.0,75350.0,131200.0
2022-06-18,,,,,,,,,,
2022-06-19,,,,,,,,,,
2022-06-20,93800.0,57400.0,96650.0,97250.0,88350.0,94200.0,106600.0,98450.0,75350.0,131200.0
2022-06-21,93800.0,57400.0,96650.0,97250.0,88350.0,94200.0,106600.0,98450.0,75350.0,131200.0
2022-06-22,98400.0,57400.0,98650.0,91500.0,88350.0,114450.0,117900.0,113650.0,85350.0,131200.0
2022-06-23,98400.0,57400.0,98650.0,91500.0,88350.0,114450.0,117900.0,113650.0,85350.0,131200.0
2022-06-24,98400.0,57400.0,98650.0,91500.0,88350.0,114450.0,117900.0,113650.0,85350.0,131200.0
2022-06-25,,,,,,,,,,
2022-06-26,,,,,,,,,,
2022-06-27,98400.0,57400.0,98650.0,91500.0,88350.0,114450.0,117900.0,113650.0,85350.0,131200.0
2022-06-28,98400.0,57400.0,98650.0,91500.0,88350.0,114450.0,117900.0,113650.0,85350.0,131200.0
2022-06-29,98400.0,57400.0,98650.0,91500.0,88350.0,114450.0,117900.0,113650.0,85350.0,131200.0
2022-06-30,98400.0,57400.0,98650.0,91500.0,88350.0,114450.0,117900.0,113650.0,85350.0,131200.0
2022-07-01,68900.0,69450.0,80200.0,29950.0,69400.0,82200.0,87700.0,64350.0,79900.0,96150.0
2022-07-02,55500.0,66200.0,59900.0,32050.0,70900.0,80200.0,81650.0,61100.0,67200.0,102200.0
2022-07-03,56500.0,65700.0,62550.0,48550.0,65150.0,77200.0,92350.0,65350.0,64200.0,85650.0
2022-07-04,68900.0,66950.0,80400.0,59850.0,71450.0,81200.0,98050.0,70850.0,75600.0,116400.0
2022-07-05,,,,,,,,,,
2022-07-06,73800.0,61400.0,82000.0,59250.0,67350.0,81950.0,94300.0,80850.0,67850.0,131200.0
2022-07-07,107650.0,60650.0,134950.0,100500.0,94100.0,122350.0,122900.0,112900.0,87850.0,131200.0
2022-07-08,,,,,,,,,,
2022-07-09,109450.0,71800.0,122050.0,99000.0,91700.0,103700.0,99700.0,102750.0,81700.0,132950.0
2022-07-10,96200.0,70750.0,126700.0,44000.0,88400.0,105700.0,95050.0,97750.0,92950.0,139450.0
2022-07-11,86950.0,50050.0,98100.0,44750.0,82350.0,84350.0,87200.0,86450.0,79550.0,130200.0
2022-07-12,,,,,,,,,,
2022-07-13,125250.0,60650.0,141200.0,100500.0,100450.0,124450.0,124900.0,115200.0,94500.0,131200.0
2022-07-14,125250.0,60650.0,141200.0,100500.0,100450.0,124450.0,124900.0,115200.0,94500.0,131200.0
2022-07-15,125250.0,60650.0,141200.0,100500.0,100450.0,124450.0,124900.0,115200.0,94500.0,131200.0
2022-07-16,,,,,,,,,,
2022-07-17,,,,,,,,,,
2022-07-18,125250.0,60650.0,141200.0,100500.0,100450.0,124450.0,124900.0,115200.0,94500.0,131200.0
2022-07-19,125250.0,60650.0,141200.0,100500.0,100450.0,124450.0,124900.0,115200.0,94500.0,131200.0
2022-07-20,132800.0,60550.0,140950.0,100500.0,100950.0,132200.0,124900.0,126100.0,98450.0,137450.0
2022-07-21,132800.0,60550.0,140950.0,100500.0,100950.0,132200.0,124900.0,126100.0,98450.0,137450.0
2022-07-22,132800.0,60550.0,140950.0,100500.0,100950.0,132200.0,124900.0,126100.0,98450.0,137450.0
2022-07-23,,,,,,,,,,
2022-07-24,,,,,,,,,,
2022-07-25,132800.0,60550.0,140950.0,100500.0,100950.0,132200.0,124900.0,126100.0,98450.0,137450.0
2022-07-26,132800.0,60550.0,140950.0,100500.0,100950.0,132200.0,124900.0,126100.0,98450.0,137450.0
2022-07-27,131050.0,60550.0,141700.0,95500.0,100950.0,118700.0,119100.0,124750.0,100950.0,137450.0
2022-07-28,131050.0,60550.0,141700.0,95500.0,100950.0,118700.0,119100.0,124750.0,100950.0,137450.0
2022-07-29,131050.0,60550.0,141700.0,95500.0,100950.0,118700.0,119100.0,124750.0,100950.0,137450.0
2022-07-30,,,,,,,,,,
2022-07-31,,,,,,,,,,
2022-08-01,,,,,,,,,,
2022-08-02,55500.0,66200.0,59900.0,32050.0,70900.0,80200.0,81650.0,61100.0,67200.0,102200.0
2022-08-03,56500.0,65700.0,62550.0,48550.0,65150.0,77200.0,92350.0,65350.0,64200.0,85650.0
2022-08-04,68900.0,66950.0,80400.0,59850.0,71450.0,81200.0,98050.0,70850.0,75600.0,116400.0
2022-08-05,,,,,,,,,,
2022-08-06,82050.0,61400.0,84550.0,64550.0,75600.0,81950.0,95200.0,89850.0,75350.0,131200.0
2022-08-07,107650.0,60650.0,134950.0,100500.0,94100.0,122350.0,122900.0,112900.0,87850.0,131200.0
2022-08-08,126450.0,60550.0,142450.0,114000.0,99600.0,113450.0,114100.0,119750.0,96200.0,137450.0
2022-08-09,109450.0,71800.0,122050.0,99000.0,91700.0,103700.0,99700.0,102750.0,81700.0,132950.0
2022-08-10,,,,,,,,,,
2022-08-11,86950.0,50050.0,98100.0,44750.0,82350.0,84350.0,87200.0,86450.0,79550.0,130200.0
2022-08-12,,,,,,,,,,
2022-08-13,,,,,,,,,,
2022-08-14,,,,,,,,,,
2022-08-15,126450.0,60550.0,140950.0,109000.0,99600.0,113450.0,110750.0,117750.0,96950.0,142750.0
2022-08-16,126450.0,60550.0,140950.0,109000.0,99600.0,113450.0,110750.0,117750.0,96950.0,142750.0
2022-08-17,,,,,,,,,,
2022-08-18,122000.0,64300.0,132700.0,79000.0,94700.0,110950.0,110750.0,117750.0,90200.0,142950.0
2022-08-19,122000.0,64300.0,132700.0,79000.0,94700.0,110950.0,110750.0,117750.0,90200.0,142950.0
2022-08-20,,,,,,,,,,
2022-08-21,,,,,,,,,,
2022-08-22,122000.0,64300.0,132700.0,79000.0,94700.0,110950.0,110750.0,117750.0,90200.0,142950.0
2022-08-23,122000.0,64300.0,132700.0,79000.0,94700.0,110950.0,110750.0,117750.0,90200.0,142950.0
2022-08-24,116550.0,71800.0,132700.0,99000.0,94700.0,110950.0,102500.0,101650.0,89900.0,142950.0
2022-08-25,116550.0,71800.0,132700.0,99000.0,94700.0,110950.0,102500.0,101650.0,89900.0,142950.0
2022-08-26,116550.0,71800.0,132700.0,99000.0,94700.0,110950.0,102500.0,101650.0,89900.0,142950.0
2022-08-27,,,,,,,,,,
2022-08-28,,,,,,,,,,
2022-08-29,116550.0,71800.0,132700.0,99000.0,94700.0,110950.0,102500.0,101650.0,89900.0,142950.0
2022-08-30,116550.0,71800.0,132700.0,99000.0,94700.0,110950.0,102500.0,101650.0,89900.0,142950.0
2022-08-31,116550.0,71800.0,132700.0,99000.0,94700.0,110950.0,102500.0,101650.0,89900.0,142950.0
2022-09-01,,,,,,,,,,
2022-09-02,53850.0,66200.0,57900.0,32050.0,70650.0,80200.0,83700.0,61100.0,67200.0,102200.0
2022-09-03,62950.0,62200.0,72700.0,62150.0,66900.0,82100.0,97000.0,69450.0,65700.0,93150.0
2022-09-04,,,,,,,,,,
2022-09-05,80850.0,77850.0,79500.0,42500.0,68850.0,77450.0,86450.0,83750.0,67000.0,99400.0
2022-09-06,82050.0,61400.0,84550.0,64550.0,75600.0,81950.0,95200.0,89850.0,75350.0,131200.0
2022-09-07,,,,,,,,,,
2022-09-08,126450.0,60550.0,142450.0,114000.0,99600.0,113450.0,114100.0,119750.0,96200.0,137450.0
2022-09-09,109450.0,71800.0,122050.0,99000.0,91700.0,103700.0,99700.0,102750.0,81700.0,132950.0
2022-09-10,,,,,,,,,,
2022-09-11,82450.0,48550.0,99350.0,40750.0,82350.0,74600.0,83500.0,89500.0,84700.0,130200.0
2022-09-12,,,,,,,,,,
2022-09-13,109450.0,71800.0,122050.0,99000.0,91700.0,103700.0,99700.0,102750.0,81700.0,132950.0
2022-09-14,108700.0,71150.0,121550.0,99000.0,92850.0,112950.0,114550.0,107600.0,81700.0,139450.0
2022-09-15,108700.0,71150.0,121550.0,99000.0,92850.0,112950.0,114550.0,107600.0,81700.0,139450.0
2022-09-16,108700.0,71150.0,121550.0,99000.0,92850.0,112950.0,114550.0,107600.0,81700.0,139450.0
2022-09-17,,,,,,,,,,
2022-09-18,,,,,,,,,,
2022-09-19,108700.0,71150.0,121550.0,99000.0,92850.0,112950.0,114550.0,107600.0,81700.0,139450.0
2022-09-20,108700.0,71150.0,121550.0,99000.0,92850.0,112950.0,114550.0,107600.0,81700.0,139450.0
2022-09-21,103750.0,70000.0,126550.0,59000.0,90600.0,115200.0,113200.0,107750.0,89050.0,139450.0
2022-09-22,103750.0,70000.0,126550.0,59000.0,90600.0,115200.0,113200.0,107750.0,89050.0,139450.0
2022-09-23,103750.0,70000.0,126550.0,59000.0,90600.0,115200.0,113200.0,107750.0,89050.0,139450.0
2022-09-24,,,,,,,,,,
2022-09-25,,,,,,,,,,
2022-09-26,103750.0,70000.0,126550.0,59000.0,90600.0,115200.0,113200.0,107750.0,89050.0,139450.0
2022-09-27,103750.0,70000.0,126550.0,59000.0,90600.0,115200.0,113200.0,107750.0,89050.0,139450.0
2022-09-28,103200.0,70000.0,126550.0,59000.0,88550.0,110450.0,101450.0,107650.0,87750.0,139450.0
2022-09-29,103200.0,70000.0,126550.0,59000.0,88550.0,110450.0,101450.0,107650.0,87750.0,139450.0
2022-09-30,103200.0,70000.0,126550.0,59000.0,88550.0,110450.0,101450.0,107650.0,87750.0,139450.0
2022-10-01,68900.0,69450.0,80200.0,29950.0,69400.0,82200.0,87700.0,64350.0,79900.0,96150.0
2022-10-02,53850.0,66200.0,57900.0,32050.0,70650.0,80200.0,83700.0,61100.0,67200.0,102200.0
2022-10-03,62950.0,62200.0,72700.0,62150.0,66900.0,82100.0,97000.0,69450.0,65700.0,93150.0
2022-10-04,,,,,,,,,,
2022-10-05,80850.0,77850.0,79500.0,42500.0,68850.0,77450.0,86450.0,83750.0,67000.0,99400.0
2022-10-06,82050.0,61400.0,84550.0,64550.0,75600.0,81950.0,95200.0,89850.0,75350.0,131200.0
2022-10-07,,,,,,,,,,
2022-10-08,126450.0,60550.0,140950.0,109000.0,99600.0,113450.0,110750.0,117750.0,96950.0,142750.0
2022-10-09,,,,,,,,,,
2022-10-10,96200.0,70750.0,126700.0,44000.0,88400.0,105700.0,95050.0,97750.0,92950.0,139450.0
2022-10-11,82450.0,48550.0,99350.0,40750.0,82350.0,74600.0,83500.0,89500.0,84700.0,130200.0
2022-10-12,,,,,,,,,,
2022-10-13,94700.0,70750.0,120700.0,53250.0,88400.0,97100.0,97550.0,99150.0,82700.0,139450.0
2022-10-14,94700.0,70750.0,120700.0,53250.0,88400.0,97100.0,97550.0,99150.0,82700.0,139450.0
2022-10-15,,,,,,,,,,
2022-10-16,,,,,,,,,,
2022-10-17,94700.0,70750.0,120700.0,53250.0,88400.0,97100.0,97550.0,99150.0,82700.0,139450.0
2022-10-18,94700.0,70750.0,120700.0,53250.0,88400.0,97100.0,97550.0,99150.0,82700.0,139450.0
2022-10-19,95850.0,70750.0,121450.0,45750.0,88400.0,84350.0,98300.0,96750.0,88200.0,130200.0
2022-10-20,95850.0,70750.0,121450.0,45750.0,88400.0,84350.0,98300.0,96750.0,88200.0,130200.0
2022-10-21,95850.0,70750.0,121450.0,45750.0,88400.0,84350.0,98300.0,96750.0,88200.0,130200.0
2022-10-22,,,,,,,,,,
2022-10-23,,,,,,,,,,
2022-10-24,95850.0,70750.0,121450.0,45750.0,88400.0,84350.0,98300.0,96750.0,88200.0,130200.0
2022-10-25,95850.0,70750.0,121450.0,45750.0,88400.0,84350.0,98300.0,96750.0,88200.0,130200.0
2022-10-26,86950.0,50300.0,120700.0,44750.0,82350.0,84350.0,95800.0,86450.0,79050.0,130200.0
2022-10-27,86950.0,50300.0,120700.0,44750.0,82350.0,84350.0,95800.0,86450.0,79050.0,130200.0
2022-10-28,86950.0,50300.0,120700.0,44750.0,82350.0,84350.0,95800.0,86450.0,79050.0,130200.0
2022-10-29,,,,,,,,,,
2022-10-30,,,,,,,,,,
2022-10-31,86950.0,50300.0,120700.0,44750.0,82350.0,84350.0,95800.0,86450.0,79050.0,130200.0
2022-11-01,68900.0,69450.0,80200.0,29950.0,69400.0,82200.0,87700.0,64350.0,79900.0,96150.0
2022-11-02,53850.0,66200.0,57900.0,32050.0,70650.0,80200.0,83700.0,61100.0,67200.0,102200.0
2022-11-03,62950.0,62200.0,72700.0,62150.0,66900.0,82100.0,97000.0,69450.0,65700.0,93150.0
2022-11-04,68900.0,66950.0,80400.0,59850.0,71450.0,81200.0,98050.0,70850.0,75600.0,116400.0
2022-11-05,80850.0,73750.0,79500.0,36550.0,68850.0,77700.0,86450.0,81400.0,70950.0,99400.0
2022-11-06,,,,,,,,,,
2022-11-07,107650.0,60650.0,134950.0,100500.0,94100.0,122350.0,122900.0,112900.0,87850.0,131200.0
2022-11-08,126450.0,60550.0,140950.0,109000.0,99600.0,113450.0,110750.0,117750.0,96950.0,142750.0
2022-11-09,,,,,,,,,,
2022-11-10,96200.0,70750.0,126700.0,44000.0,88400.0,105700.0,95050.0,97750.0,92950.0,139450.0
2022-11-11,82450.0,48550.0,99350.0,40750.0,82350.0,74600.0,83500.0,89500.0,84700.0,130200.0
2022-11-12,,,,,,,,,,
2022-11-13,,,,,,,,,,
2022-11-14,82450.0,48550.0,99350.0,40750.0,82350.0,74600.0,83500.0,89500.0,84700.0,130200.0
2022-11-15,82450.0,48550.0,99350.0,40750.0,82350.0,74600.0,83500.0,89500.0,84700.0,130200.0
2022-11-16,75450.0,50050.0,96350.0,40750.0,77600.0,74600.0,84000.0,80050.0,70600.0,125150.0
2022-11-17,75450.0,50050.0,96350.0,40750.0,77600.0,74600.0,84000.0,80050.0,70600.0,125150.0
2022-11-18,75450.0,50050.0,96350.0,40750.0,77600.0,74600.0,84000.0,80050.0,70600.0,125150.0
